symbol,marketCap,ipoYear,sector,industry,date,open,high,low,close,volume,adjclose
ABCD,$220.4M,-1,Consumer Services,Publishing,2016-11-11,4.9,4.95,4.8,4.95,76300,4.95
ABCD,$220.4M,-1,Consumer Services,Publishing,2016-11-10,5.35,5.35,4.77,4.9,180800,4.9
ABCD,$220.4M,-1,Consumer Services,Publishing,2016-11-09,5.12,5.51,4.97,5.51,40700,5.51
ABCD,$220.4M,-1,Consumer Services,Publishing,2016-11-08,5.3,5.35,5.08,5.15,8900,5.15
ABCD,$220.4M,-1,Consumer Services,Publishing,2016-11-07,5.01,5.29,5.01,5.25,15800,5.25
ABCD,$220.4M,-1,Consumer Services,Publishing,2016-11-04,5.17,5.17,4.95,4.97,9600,4.97
ABCD,$220.4M,-1,Consumer Services,Publishing,2016-11-03,5.11,5.11,4.95,4.96,8900,4.96
ABCD,$220.4M,-1,Consumer Services,Publishing,2016-11-02,5.06,5.13,4.94,5.07,12000,5.07
ABCD,$220.4M,-1,Consumer Services,Publishing,2016-11-01,5.37,5.37,5.05,5.05,15300,5.05
ABCD,$220.4M,-1,Consumer Services,Publishing,2016-10-31,5.23,5.23,4.94,5.18,25700,5.18
ABCD,$220.4M,-1,Consumer Services,Publishing,2016-10-28,5.06,5.09,4.97,5.02,10500,5.02
ABCD,$220.4M,-1,Consumer Services,Publishing,2016-10-27,4.96,5.07,4.96,5.01,14100,5.01
ABCD,$220.4M,-1,Consumer Services,Publishing,2016-10-26,5.03,5.04,4.97,5.02,12900,5.02
ABCD,$220.4M,-1,Consumer Services,Publishing,2016-10-25,5.16,5.16,5.07,5.11,7000,5.11
ABCD,$220.4M,-1,Consumer Services,Publishing,2016-10-24,5.15,5.17,5.02,5.09,20600,5.09
ABCD,$220.4M,-1,Consumer Services,Publishing,2016-10-21,5.1,5.15,5.07,5.09,5800,5.09
ABCD,$220.4M,-1,Consumer Services,Publishing,2016-10-20,5.16,5.24,5.14,5.16,10800,5.16
ABCD,$220.4M,-1,Consumer Services,Publishing,2016-10-19,5.08,5.19,5.08,5.17,4700,5.17
ABCD,$220.4M,-1,Consumer Services,Publishing,2016-10-18,5.2,5.23,5.08,5.12,21200,5.12
ABCD,$220.4M,-1,Consumer Services,Publishing,2016-10-17,5.17,5.25,5.16,5.2,19500,5.2
ABCD,$220.4M,-1,Consumer Services,Publishing,2016-10-14,5.3,5.31,5.26,5.28,13900,5.28
ABCD,$220.4M,-1,Consumer Services,Publishing,2016-10-13,5.37,5.37,5.31,5.32,5700,5.32
ABCD,$220.4M,-1,Consumer Services,Publishing,2016-10-12,5.48,5.49,5.29,5.36,4900,5.36
ABCD,$220.4M,-1,Consumer Services,Publishing,2016-10-11,5.53,5.53,5.27,5.34,18100,5.34
ABCD,$220.4M,-1,Consumer Services,Publishing,2016-10-10,5.48,5.55,5.47,5.5,5600,5.5
ABCD,$220.4M,-1,Consumer Services,Publishing,2016-10-07,5.44,5.44,5.35,5.38,6200,5.38
ABCD,$220.4M,-1,Consumer Services,Publishing,2016-10-06,5.44,5.44,5.37,5.41,4700,5.41
ABCD,$220.4M,-1,Consumer Services,Publishing,2016-10-05,5.37,5.39,5.34,5.37,15300,5.37
ABCD,$220.4M,-1,Consumer Services,Publishing,2016-10-04,5.46,5.46,5.28,5.31,8800,5.31
ABCD,$220.4M,-1,Consumer Services,Publishing,2016-10-03,5.43,5.46,5.38,5.42,7500,5.42
ABCD,$220.4M,-1,Consumer Services,Publishing,2016-09-30,5.32,5.45,5.31,5.43,31600,5.43
ABCD,$220.4M,-1,Consumer Services,Publishing,2016-09-29,5.33,5.46,5.33,5.4,9200,5.4
ABCD,$220.4M,-1,Consumer Services,Publishing,2016-09-28,5.37,5.43,5.03,5.42,46600,5.42
ABCD,$220.4M,-1,Consumer Services,Publishing,2016-09-27,5.54,5.54,5.4,5.42,11500,5.42
ABCD,$220.4M,-1,Consumer Services,Publishing,2016-09-26,5.71,5.71,5.47,5.48,13700,5.48
ABCD,$220.4M,-1,Consumer Services,Publishing,2016-09-23,5.7,5.7,5.55,5.56,34800,5.56
ABCD,$220.4M,-1,Consumer Services,Publishing,2016-09-22,5.45,5.86,5.45,5.67,79500,5.67
ABCD,$220.4M,-1,Consumer Services,Publishing,2016-09-21,5.35,5.44,5.3,5.38,10300,5.38
ABCD,$220.4M,-1,Consumer Services,Publishing,2016-09-20,5.32,5.36,5.31,5.32,4800,5.32
ABCD,$220.4M,-1,Consumer Services,Publishing,2016-09-19,5.33,5.33,5.28,5.32,5900,5.32
ABCD,$220.4M,-1,Consumer Services,Publishing,2016-09-16,5.28,5.3,5.28,5.28,33200,5.28
ABCD,$220.4M,-1,Consumer Services,Publishing,2016-09-15,5.2,5.29,5.2,5.27,12100,5.27
ABCD,$220.4M,-1,Consumer Services,Publishing,2016-09-14,5.2,5.3,5.09,5.15,18000,5.15
ABCD,$220.4M,-1,Consumer Services,Publishing,2016-09-13,5.31,5.34,5.18,5.25,40800,5.25
ABCD,$220.4M,-1,Consumer Services,Publishing,2016-09-12,5.33,5.39,5.32,5.38,23100,5.38
ABCD,$220.4M,-1,Consumer Services,Publishing,2016-09-09,5.31,5.53,5.27,5.42,32100,5.42
ABCD,$220.4M,-1,Consumer Services,Publishing,2016-09-08,5.12,5.38,5.12,5.37,18100,5.37
ABCD,$220.4M,-1,Consumer Services,Publishing,2016-09-07,4.9,5.11,4.9,5.05,43900,5.05
ABCD,$220.4M,-1,Consumer Services,Publishing,2016-09-06,4.65,4.91,4.64,4.88,94200,4.88
ABCD,$220.4M,-1,Consumer Services,Publishing,2016-09-02,4.74,4.79,4.5,4.7,591700,4.7
ABCD,$220.4M,-1,Consumer Services,Publishing,2016-09-01,4.78,4.78,4.6,4.69,19100,4.69
ABCD,$220.4M,-1,Consumer Services,Publishing,2016-08-31,4.76,4.84,4.75,4.81,8100,4.81
ABCD,$220.4M,-1,Consumer Services,Publishing,2016-08-30,4.87,4.87,4.79,4.8,11200,4.8
ABCD,$220.4M,-1,Consumer Services,Publishing,2016-08-29,4.59,4.88,4.59,4.81,14000,4.81
ABCD,$220.4M,-1,Consumer Services,Publishing,2016-08-26,4.59,4.64,4.59,4.63,2900,4.63
ABCD,$220.4M,-1,Consumer Services,Publishing,2016-08-25,4.69,4.72,4.6,4.61,1800,4.61
ABCD,$220.4M,-1,Consumer Services,Publishing,2016-08-24,4.74,4.78,4.6,4.65,43600,4.65
ABCD,$220.4M,-1,Consumer Services,Publishing,2016-08-23,4.82,4.83,4.72,4.74,31800,4.74
ABCD,$220.4M,-1,Consumer Services,Publishing,2016-08-22,4.77,4.9,4.75,4.9,29700,4.9
ABCD,$220.4M,-1,Consumer Services,Publishing,2016-08-19,4.8,4.84,4.73,4.77,20100,4.77
ABCD,$220.4M,-1,Consumer Services,Publishing,2016-08-18,4.7,4.8,4.68,4.79,18300,4.79
ABCD,$220.4M,-1,Consumer Services,Publishing,2016-08-17,4.68,4.71,4.63,4.68,5800,4.68
ABCD,$220.4M,-1,Consumer Services,Publishing,2016-08-16,4.71,4.72,4.68,4.69,20600,4.69
ABCD,$220.4M,-1,Consumer Services,Publishing,2016-08-15,4.79,4.82,4.65,4.76,20500,4.76
ABCD,$220.4M,-1,Consumer Services,Publishing,2016-08-12,4.63,4.93,4.63,4.82,18200,4.82
ABCD,$220.4M,-1,Consumer Services,Publishing,2016-08-11,4.68,4.95,4.68,4.89,19100,4.89
ABCD,$220.4M,-1,Consumer Services,Publishing,2016-08-10,4.76,4.76,4.67,4.67,6500,4.67
ABCD,$220.4M,-1,Consumer Services,Publishing,2016-08-09,4.8,4.8,4.73,4.78,10200,4.78
ABCD,$220.4M,-1,Consumer Services,Publishing,2016-08-08,4.72,4.74,4.72,4.72,8000,4.72
ABCD,$220.4M,-1,Consumer Services,Publishing,2016-08-05,4.72,4.78,4.7,4.72,25800,4.72
ABCD,$220.4M,-1,Consumer Services,Publishing,2016-08-04,4.87,4.87,4.71,4.75,18300,4.75
ABCD,$220.4M,-1,Consumer Services,Publishing,2016-08-03,4.79,4.87,4.79,4.87,5000,4.87
ABCD,$220.4M,-1,Consumer Services,Publishing,2016-08-02,4.87,4.9,4.87,4.87,5800,4.87
ABCD,$220.4M,-1,Consumer Services,Publishing,2016-08-01,4.85,4.91,4.77,4.84,16700,4.84
ABCD,$220.4M,-1,Consumer Services,Publishing,2016-07-29,4.97,4.97,4.82,4.84,36500,4.84
ABCD,$220.4M,-1,Consumer Services,Publishing,2016-07-28,4.83,4.98,4.83,4.93,10600,4.93
ABCD,$220.4M,-1,Consumer Services,Publishing,2016-07-27,4.82,4.89,4.82,4.85,5500,4.85
ABCD,$220.4M,-1,Consumer Services,Publishing,2016-07-26,4.95,4.95,4.85,4.88,3800,4.88
ABCD,$220.4M,-1,Consumer Services,Publishing,2016-07-25,4.83,4.83,4.64,4.74,23200,4.74
ABCD,$220.4M,-1,Consumer Services,Publishing,2016-07-22,4.92,4.96,4.84,4.85,21600,4.85
ABCD,$220.4M,-1,Consumer Services,Publishing,2016-07-21,4.89,4.89,4.83,4.83,10600,4.83
ABCD,$220.4M,-1,Consumer Services,Publishing,2016-07-20,4.94,4.95,4.88,4.93,10200,4.93
ABCD,$220.4M,-1,Consumer Services,Publishing,2016-07-19,4.97,4.99,4.87,4.95,8300,4.95
ABCD,$220.4M,-1,Consumer Services,Publishing,2016-07-18,4.98,5,4.87,4.97,13300,4.97
ABCD,$220.4M,-1,Consumer Services,Publishing,2016-07-15,4.91,4.95,4.87,4.94,11100,4.94
ABCD,$220.4M,-1,Consumer Services,Publishing,2016-07-14,4.89,4.91,4.86,4.88,5400,4.88
ABCD,$220.4M,-1,Consumer Services,Publishing,2016-07-13,4.92,4.97,4.88,4.9,16800,4.9
ABCD,$220.4M,-1,Consumer Services,Publishing,2016-07-12,4.81,4.99,4.81,4.95,13300,4.95
ABCD,$220.4M,-1,Consumer Services,Publishing,2016-07-11,4.71,4.93,4.71,4.82,16500,4.82
ABCD,$220.4M,-1,Consumer Services,Publishing,2016-07-08,4.56,4.76,4.55,4.74,26700,4.74
ABCD,$220.4M,-1,Consumer Services,Publishing,2016-07-07,4.56,4.58,4.53,4.54,10900,4.54
ABCD,$220.4M,-1,Consumer Services,Publishing,2016-07-06,4.43,4.54,4.43,4.53,46700,4.53
ABCD,$220.4M,-1,Consumer Services,Publishing,2016-07-05,4.46,4.54,4.43,4.43,22400,4.43
ABCD,$220.4M,-1,Consumer Services,Publishing,2016-07-01,4.48,4.55,4.48,4.5,15100,4.5
ABCD,$220.4M,-1,Consumer Services,Publishing,2016-06-30,4.4,4.55,4.4,4.51,31600,4.51
ABCD,$220.4M,-1,Consumer Services,Publishing,2016-06-29,4.42,4.49,4.4,4.47,37100,4.47
ABCD,$220.4M,-1,Consumer Services,Publishing,2016-06-28,4.41,4.51,4.4,4.44,28400,4.44
ABCD,$220.4M,-1,Consumer Services,Publishing,2016-06-27,4.53,4.6,4.39,4.4,41200,4.4
ABCD,$220.4M,-1,Consumer Services,Publishing,2016-06-24,4.52,4.64,4.51,4.6,162300,4.6
ABCD,$220.4M,-1,Consumer Services,Publishing,2016-06-23,4.59,4.61,4.55,4.6,41000,4.6
ABCD,$220.4M,-1,Consumer Services,Publishing,2016-06-22,4.6,4.6,4.55,4.58,29600,4.58
ABCD,$220.4M,-1,Consumer Services,Publishing,2016-06-21,4.63,4.66,4.57,4.58,9900,4.58
ABCD,$220.4M,-1,Consumer Services,Publishing,2016-06-20,4.64,4.7,4.63,4.65,21800,4.65
ABCD,$220.4M,-1,Consumer Services,Publishing,2016-06-17,4.7,4.7,4.54,4.55,56000,4.55
ABCD,$220.4M,-1,Consumer Services,Publishing,2016-06-16,4.8,4.8,4.64,4.71,8800,4.71
ABCD,$220.4M,-1,Consumer Services,Publishing,2016-06-15,4.62,4.62,4.53,4.62,29300,4.62
ABCD,$220.4M,-1,Consumer Services,Publishing,2016-06-14,4.59,4.63,4.46,4.56,40400,4.56
ABCD,$220.4M,-1,Consumer Services,Publishing,2016-06-13,4.64,4.66,4.64,4.64,10000,4.64
ABCD,$220.4M,-1,Consumer Services,Publishing,2016-06-10,4.58,4.69,4.58,4.63,9600,4.63
ABCD,$220.4M,-1,Consumer Services,Publishing,2016-06-09,4.57,4.64,4.54,4.57,12000,4.57
ABCD,$220.4M,-1,Consumer Services,Publishing,2016-06-08,4.6,4.65,4.57,4.64,17900,4.64
ABCD,$220.4M,-1,Consumer Services,Publishing,2016-06-07,4.65,4.66,4.6,4.62,6900,4.62
ABCD,$220.4M,-1,Consumer Services,Publishing,2016-06-06,4.63,4.69,4.63,4.65,9800,4.65
ABCD,$220.4M,-1,Consumer Services,Publishing,2016-06-03,4.61,4.75,4.61,4.68,18800,4.68
ABCD,$220.4M,-1,Consumer Services,Publishing,2016-06-02,4.53,4.68,4.53,4.68,10100,4.68
ABCD,$220.4M,-1,Consumer Services,Publishing,2016-06-01,4.57,4.57,4.51,4.53,20800,4.53
ABCD,$220.4M,-1,Consumer Services,Publishing,2016-05-31,4.67,4.67,4.53,4.61,10000,4.61
ABCD,$220.4M,-1,Consumer Services,Publishing,2016-05-27,4.62,4.7,4.55,4.64,21600,4.64
ABCD,$220.4M,-1,Consumer Services,Publishing,2016-05-26,4.66,4.68,4.59,4.63,12300,4.63
ABCD,$220.4M,-1,Consumer Services,Publishing,2016-05-25,4.59,4.68,4.58,4.67,14900,4.67
ABCD,$220.4M,-1,Consumer Services,Publishing,2016-05-24,4.54,4.61,4.54,4.61,23600,4.61
ABCD,$220.4M,-1,Consumer Services,Publishing,2016-05-23,4.52,4.59,4.51,4.53,11300,4.53
ABCD,$220.4M,-1,Consumer Services,Publishing,2016-05-20,4.53,4.58,4.48,4.52,15300,4.52
ABCD,$220.4M,-1,Consumer Services,Publishing,2016-05-19,4.38,4.52,4.31,4.5,45200,4.5
ABCD,$220.4M,-1,Consumer Services,Publishing,2016-05-18,4.25,4.41,4.19,4.33,66800,4.33
ABCD,$220.4M,-1,Consumer Services,Publishing,2016-05-17,4.27,4.27,4.05,4.11,29600,4.11
ABCD,$220.4M,-1,Consumer Services,Publishing,2016-05-16,4.23,4.3,4.2,4.25,11200,4.25
ABCD,$220.4M,-1,Consumer Services,Publishing,2016-05-13,4.24,4.31,4.21,4.23,26600,4.23
ABCD,$220.4M,-1,Consumer Services,Publishing,2016-05-12,4.22,4.29,4.2,4.24,15000,4.24
ABCD,$220.4M,-1,Consumer Services,Publishing,2016-05-11,4.25,4.33,4.2,4.21,21700,4.21
ABCD,$220.4M,-1,Consumer Services,Publishing,2016-05-10,4.3,4.3,4.14,4.27,15900,4.27
ABCD,$220.4M,-1,Consumer Services,Publishing,2016-05-09,4.25,4.37,3.97,4.3,11900,4.3
ABCD,$220.4M,-1,Consumer Services,Publishing,2016-05-06,4.25,4.25,4.16,4.25,13700,4.25
ABCD,$220.4M,-1,Consumer Services,Publishing,2016-05-05,4.44,4.45,4.19,4.19,62100,4.19
ABCD,$220.4M,-1,Consumer Services,Publishing,2016-05-04,4.55,4.6,4.49,4.49,15000,4.49
ABCD,$220.4M,-1,Consumer Services,Publishing,2016-05-03,4.69,4.69,4.51,4.53,11000,4.53
ABCD,$220.4M,-1,Consumer Services,Publishing,2016-05-02,4.55,4.69,4.51,4.67,25300,4.67
ABCD,$220.4M,-1,Consumer Services,Publishing,2016-04-29,4.58,4.65,4.52,4.55,29100,4.55
ABCD,$220.4M,-1,Consumer Services,Publishing,2016-04-28,4.58,4.63,4.57,4.58,19300,4.58
ABCD,$220.4M,-1,Consumer Services,Publishing,2016-04-27,4.67,4.76,4.61,4.69,22900,4.69
ABCD,$220.4M,-1,Consumer Services,Publishing,2016-04-26,4.64,4.83,4.41,4.76,21200,4.76
ABCD,$220.4M,-1,Consumer Services,Publishing,2016-04-25,4.41,4.63,4.41,4.6,16100,4.6
ABCD,$220.4M,-1,Consumer Services,Publishing,2016-04-22,4.4,4.51,4.4,4.45,27100,4.45
ABCD,$220.4M,-1,Consumer Services,Publishing,2016-04-21,4.39,4.53,4.31,4.38,32700,4.38
ABCD,$220.4M,-1,Consumer Services,Publishing,2016-04-20,4.33,4.52,4.33,4.42,14700,4.42
ABCD,$220.4M,-1,Consumer Services,Publishing,2016-04-19,4.44,4.54,4.42,4.49,15400,4.49
ABCD,$220.4M,-1,Consumer Services,Publishing,2016-04-18,4.45,4.5,4.37,4.43,14000,4.43
ABCD,$220.4M,-1,Consumer Services,Publishing,2016-04-15,4.37,4.49,4.27,4.44,16500,4.44
ABCD,$220.4M,-1,Consumer Services,Publishing,2016-04-14,4,4.48,4,4.4,63100,4.4
ABCD,$220.4M,-1,Consumer Services,Publishing,2016-04-13,4.03,4.17,3.97,4.01,233400,4.01
ABCD,$220.4M,-1,Consumer Services,Publishing,2016-04-12,4.11,4.18,3.96,3.99,55000,3.99
ABCD,$220.4M,-1,Consumer Services,Publishing,2016-04-11,4.04,4.19,4.03,4.08,21800,4.08
ABCD,$220.4M,-1,Consumer Services,Publishing,2016-04-08,4.06,4.14,4.01,4.04,33300,4.04
ABCD,$220.4M,-1,Consumer Services,Publishing,2016-04-07,4.1,4.17,4.05,4.06,13000,4.06
ABCD,$220.4M,-1,Consumer Services,Publishing,2016-04-06,4.16,4.2,4.12,4.14,27800,4.14
ABCD,$220.4M,-1,Consumer Services,Publishing,2016-04-05,4.16,4.24,4.1,4.14,18100,4.14
ABCD,$220.4M,-1,Consumer Services,Publishing,2016-04-04,4.2,4.22,4.12,4.18,28500,4.18
ABCD,$220.4M,-1,Consumer Services,Publishing,2016-04-01,4.3,4.37,4.11,4.18,50300,4.18
ABCD,$220.4M,-1,Consumer Services,Publishing,2016-03-31,4.35,4.41,4.27,4.27,27300,4.27
ABCD,$220.4M,-1,Consumer Services,Publishing,2016-03-30,4.42,4.56,4.26,4.37,12500,4.37
ABCD,$220.4M,-1,Consumer Services,Publishing,2016-03-29,4.38,4.59,4.36,4.37,44200,4.37
ABCD,$220.4M,-1,Consumer Services,Publishing,2016-03-28,4.32,4.45,4.32,4.4,17000,4.4
ABCD,$220.4M,-1,Consumer Services,Publishing,2016-03-24,4.28,4.35,4.23,4.32,12300,4.32
ABCD,$220.4M,-1,Consumer Services,Publishing,2016-03-23,4.4,4.44,4.25,4.3,19500,4.3
ABCD,$220.4M,-1,Consumer Services,Publishing,2016-03-22,4.34,4.47,4.3,4.43,12000,4.43
ABCD,$220.4M,-1,Consumer Services,Publishing,2016-03-21,4.4,4.46,4.34,4.37,15400,4.37
ABCD,$220.4M,-1,Consumer Services,Publishing,2016-03-18,4.42,4.46,4.27,4.39,54300,4.39
ABCD,$220.4M,-1,Consumer Services,Publishing,2016-03-17,4.4,4.42,4.31,4.39,8800,4.39
ABCD,$220.4M,-1,Consumer Services,Publishing,2016-03-16,4.35,4.45,4.31,4.41,13200,4.41
ABCD,$220.4M,-1,Consumer Services,Publishing,2016-03-15,4.47,4.54,4.37,4.37,9100,4.37
ABCD,$220.4M,-1,Consumer Services,Publishing,2016-03-14,4.47,4.55,4.41,4.51,14500,4.51
ABCD,$220.4M,-1,Consumer Services,Publishing,2016-03-11,4.39,4.5,4.34,4.5,39900,4.5
ABCD,$220.4M,-1,Consumer Services,Publishing,2016-03-10,4.48,4.48,4.26,4.36,41800,4.36
ABCD,$220.4M,-1,Consumer Services,Publishing,2016-03-09,4.49,4.53,4.4,4.5,11500,4.5
ABCD,$220.4M,-1,Consumer Services,Publishing,2016-03-08,4.54,4.64,4.42,4.45,29800,4.45
ABCD,$220.4M,-1,Consumer Services,Publishing,2016-03-07,4.69,4.77,4.55,4.59,30100,4.59
ABCD,$220.4M,-1,Consumer Services,Publishing,2016-03-04,4.17,4.75,4.17,4.73,62900,4.73
ABCD,$220.4M,-1,Consumer Services,Publishing,2016-03-03,4.66,4.99,4.55,4.67,57000,4.67
ABCD,$220.4M,-1,Consumer Services,Publishing,2016-03-02,4.39,4.67,4.35,4.55,47900,4.55
ABCD,$220.4M,-1,Consumer Services,Publishing,2016-03-01,4.4,4.44,4.3,4.43,20200,4.43
ABCD,$220.4M,-1,Consumer Services,Publishing,2016-02-29,4.36,4.5,4.36,4.44,25900,4.44
ABCD,$220.4M,-1,Consumer Services,Publishing,2016-02-26,4.31,4.45,4.29,4.38,14300,4.38
ABCD,$220.4M,-1,Consumer Services,Publishing,2016-02-25,4.24,4.31,4.15,4.31,18700,4.31
ABCD,$220.4M,-1,Consumer Services,Publishing,2016-02-24,4.02,4.23,3.97,4.23,19600,4.23
ABCD,$220.4M,-1,Consumer Services,Publishing,2016-02-23,4.23,4.39,4.07,4.07,47000,4.07
ABCD,$220.4M,-1,Consumer Services,Publishing,2016-02-22,3.98,4.27,3.98,4.25,87200,4.25
ABCD,$220.4M,-1,Consumer Services,Publishing,2016-02-19,3.97,4,3.94,3.96,11300,3.96
ABCD,$220.4M,-1,Consumer Services,Publishing,2016-02-18,4.02,4.14,3.9,3.97,48400,3.97
ABCD,$220.4M,-1,Consumer Services,Publishing,2016-02-17,3.91,4.06,3.87,4.03,57600,4.03
ABCD,$220.4M,-1,Consumer Services,Publishing,2016-02-16,3.93,4.05,3.87,3.9,29200,3.9
ABCD,$220.4M,-1,Consumer Services,Publishing,2016-02-12,3.68,3.94,3.68,3.9,24600,3.9
ABCD,$220.4M,-1,Consumer Services,Publishing,2016-02-11,3.61,3.78,3.43,3.67,67300,3.67
ABCD,$220.4M,-1,Consumer Services,Publishing,2016-02-10,3.84,3.89,3.67,3.68,57800,3.68
ABCD,$220.4M,-1,Consumer Services,Publishing,2016-02-09,3.84,4.07,3.77,3.8,29500,3.8
ABCD,$220.4M,-1,Consumer Services,Publishing,2016-02-08,4.13,4.22,3.81,3.87,65400,3.87
ABCD,$220.4M,-1,Consumer Services,Publishing,2016-02-05,4.33,4.49,4.15,4.16,42500,4.16
ABCD,$220.4M,-1,Consumer Services,Publishing,2016-02-04,4.47,4.5,4.36,4.39,11100,4.39
ABCD,$220.4M,-1,Consumer Services,Publishing,2016-02-03,4.41,4.51,4.13,4.49,51900,4.49
ABCD,$220.4M,-1,Consumer Services,Publishing,2016-02-02,4.47,4.57,4.39,4.39,38200,4.39
ABCD,$220.4M,-1,Consumer Services,Publishing,2016-02-01,4.47,4.57,4.41,4.53,14600,4.53
ABCD,$220.4M,-1,Consumer Services,Publishing,2016-01-29,4.4,4.54,4.37,4.5,22600,4.5
ABCD,$220.4M,-1,Consumer Services,Publishing,2016-01-28,4.46,4.49,4.36,4.38,10100,4.38
ABCD,$220.4M,-1,Consumer Services,Publishing,2016-01-27,4.62,4.67,4.4,4.42,39000,4.42
ABCD,$220.4M,-1,Consumer Services,Publishing,2016-01-26,4.51,4.66,4.45,4.62,32700,4.62
ABCD,$220.4M,-1,Consumer Services,Publishing,2016-01-25,4.57,4.68,4.46,4.49,42100,4.49
ABCD,$220.4M,-1,Consumer Services,Publishing,2016-01-22,4.3,4.61,4.11,4.58,84900,4.58
ABCD,$220.4M,-1,Consumer Services,Publishing,2016-01-21,4.16,4.44,4.03,4.3,145100,4.3
ABCD,$220.4M,-1,Consumer Services,Publishing,2016-01-20,4.2,4.23,3.92,4.19,100100,4.19
ABCD,$220.4M,-1,Consumer Services,Publishing,2016-01-19,4.48,4.54,4.14,4.28,56100,4.28
ABCD,$220.4M,-1,Consumer Services,Publishing,2016-01-15,4.41,4.51,4.25,4.44,72800,4.44
ABCD,$220.4M,-1,Consumer Services,Publishing,2016-01-14,4.55,4.62,4.47,4.54,27600,4.54
ABCD,$220.4M,-1,Consumer Services,Publishing,2016-01-13,4.65,4.71,4.45,4.54,71500,4.54
ABCD,$220.4M,-1,Consumer Services,Publishing,2016-01-12,4.62,4.78,4.51,4.68,69400,4.68
ABCD,$220.4M,-1,Consumer Services,Publishing,2016-01-11,4.68,4.7,4.53,4.62,62900,4.62
ABCD,$220.4M,-1,Consumer Services,Publishing,2016-01-08,4.8,4.82,4.67,4.69,30400,4.69
ABCD,$220.4M,-1,Consumer Services,Publishing,2016-01-07,4.85,5.03,4.77,4.78,28500,4.78
ABCD,$220.4M,-1,Consumer Services,Publishing,2016-01-06,4.92,5.06,4.87,4.91,26500,4.91
ABCD,$220.4M,-1,Consumer Services,Publishing,2016-01-05,4.85,5.05,4.84,5.04,33900,5.04
ABCD,$220.4M,-1,Consumer Services,Publishing,2016-01-04,4.88,4.95,4.76,4.83,67400,4.83
ABCD,$220.4M,-1,Consumer Services,Publishing,2015-12-31,5.03,5.09,4.85,4.85,101100,4.85
ABCD,$220.4M,-1,Consumer Services,Publishing,2015-12-30,5.06,5.06,5.01,5.02,14700,5.02
ABCD,$220.4M,-1,Consumer Services,Publishing,2015-12-29,5.05,5.14,5.03,5.07,19200,5.07
ABCD,$220.4M,-1,Consumer Services,Publishing,2015-12-28,5.05,5.14,4.86,5.07,26400,5.07
ABCD,$220.4M,-1,Consumer Services,Publishing,2015-12-24,5.14,5.14,5.02,5.06,7600,5.06
ABCD,$220.4M,-1,Consumer Services,Publishing,2015-12-23,5.18,5.44,5.05,5.13,137700,5.13
ABCD,$220.4M,-1,Consumer Services,Publishing,2015-12-22,5.16,5.19,5.11,5.17,34200,5.17
ABCD,$220.4M,-1,Consumer Services,Publishing,2015-12-21,5.13,5.16,5.11,5.15,23400,5.15
ABCD,$220.4M,-1,Consumer Services,Publishing,2015-12-18,4.95,5.17,4.81,5.11,182100,5.11
ABCD,$220.4M,-1,Consumer Services,Publishing,2015-12-17,5.09,5.09,4.96,4.98,14000,4.98
ABCD,$220.4M,-1,Consumer Services,Publishing,2015-12-16,5.05,5.09,4.99,5.06,22700,5.06
ABCD,$220.4M,-1,Consumer Services,Publishing,2015-12-15,4.97,5.09,4.95,5.01,27200,5.01
ABCD,$220.4M,-1,Consumer Services,Publishing,2015-12-14,4.95,5.11,4.9,4.94,29600,4.94
ABCD,$220.4M,-1,Consumer Services,Publishing,2015-12-11,4.95,5.15,4.75,4.97,102000,4.97
ABCD,$220.4M,-1,Consumer Services,Publishing,2015-12-10,5.03,5.05,4.98,4.99,21100,4.99
ABCD,$220.4M,-1,Consumer Services,Publishing,2015-12-09,5.07,5.07,4.95,4.99,28300,4.99
ABCD,$220.4M,-1,Consumer Services,Publishing,2015-12-08,5.02,5.1,5.02,5.08,12900,5.08
ABCD,$220.4M,-1,Consumer Services,Publishing,2015-12-07,5.15,5.15,5.04,5.08,48900,5.08
ABCD,$220.4M,-1,Consumer Services,Publishing,2015-12-04,5.09,5.14,5.02,5.1,32300,5.1
ABCD,$220.4M,-1,Consumer Services,Publishing,2015-12-03,5.06,5.14,5,5.1,39700,5.1
ABCD,$220.4M,-1,Consumer Services,Publishing,2015-12-02,5.2,5.29,5.04,5.06,24400,5.06
ABCD,$220.4M,-1,Consumer Services,Publishing,2015-12-01,5.2,5.21,5.13,5.19,29300,5.19
ABCD,$220.4M,-1,Consumer Services,Publishing,2015-11-30,5.06,5.22,5.06,5.19,43400,5.19
ABCD,$220.4M,-1,Consumer Services,Publishing,2015-11-27,5.14,5.16,5.01,5.05,9700,5.05
ABCD,$220.4M,-1,Consumer Services,Publishing,2015-11-25,5.04,5.27,5,5.11,41700,5.11
ABCD,$220.4M,-1,Consumer Services,Publishing,2015-11-24,5.14,5.14,4.92,5.05,62800,5.05
ABCD,$220.4M,-1,Consumer Services,Publishing,2015-11-23,5.19,5.21,5.14,5.19,14800,5.19
ABCD,$220.4M,-1,Consumer Services,Publishing,2015-11-20,5.13,5.21,5.07,5.19,47900,5.19
ABCD,$220.4M,-1,Consumer Services,Publishing,2015-11-19,5.19,5.24,4.97,5.09,44500,5.09
ABCD,$220.4M,-1,Consumer Services,Publishing,2015-11-18,5.26,5.26,5.01,5.2,31200,5.2
ABCD,$220.4M,-1,Consumer Services,Publishing,2015-11-17,5.35,5.35,5.23,5.28,34400,5.28
ABCD,$220.4M,-1,Consumer Services,Publishing,2015-11-16,5.3,5.4,5.19,5.38,39400,5.38
ABCD,$220.4M,-1,Consumer Services,Publishing,2015-11-13,5.4,5.52,5.19,5.28,35200,5.28
ABCD,$220.4M,-1,Consumer Services,Publishing,2015-11-12,5.07,5.97,5.07,5.41,147100,5.41
ABCD,$220.4M,-1,Consumer Services,Publishing,2015-11-11,5.05,5.22,4.99,5.14,32600,5.14
ABCD,$220.4M,-1,Consumer Services,Publishing,2015-11-10,5.02,5.1,5.01,5.1,24100,5.1
ABCD,$220.4M,-1,Consumer Services,Publishing,2015-11-09,5.44,5.44,5.01,5.07,43000,5.07
ABCD,$220.4M,-1,Consumer Services,Publishing,2015-11-06,5.28,5.4,5.19,5.39,26300,5.39
ABCD,$220.4M,-1,Consumer Services,Publishing,2015-11-05,5.35,5.5,5.31,5.33,59300,5.33
ABCD,$220.4M,-1,Consumer Services,Publishing,2015-11-04,5.15,5.31,5.1,5.31,46100,5.31
ABCD,$220.4M,-1,Consumer Services,Publishing,2015-11-03,5.05,5.16,4.94,5.15,35700,5.15
ABCD,$220.4M,-1,Consumer Services,Publishing,2015-11-02,4.84,5.05,4.77,5.04,28500,5.04
ABCD,$220.4M,-1,Consumer Services,Publishing,2015-10-30,4.84,4.84,4.6,4.81,127200,4.81
ABCD,$220.4M,-1,Consumer Services,Publishing,2015-10-29,4.84,4.86,4.79,4.82,25200,4.82
ABCD,$220.4M,-1,Consumer Services,Publishing,2015-10-28,4.63,4.85,4.63,4.84,31800,4.84
ABCD,$220.4M,-1,Consumer Services,Publishing,2015-10-27,4.77,4.89,4.66,4.66,52600,4.66
ABCD,$220.4M,-1,Consumer Services,Publishing,2015-10-26,4.97,5,4.65,4.82,63200,4.82
ABCD,$220.4M,-1,Consumer Services,Publishing,2015-10-23,4.95,5,4.92,4.99,28800,4.99
ABCD,$220.4M,-1,Consumer Services,Publishing,2015-10-22,4.9,4.96,4.84,4.95,69900,4.95
ABCD,$220.4M,-1,Consumer Services,Publishing,2015-10-21,5.02,5.02,4.85,4.9,14700,4.9
ABCD,$220.4M,-1,Consumer Services,Publishing,2015-10-20,5.02,5.04,4.99,5.02,30500,5.02
ABCD,$220.4M,-1,Consumer Services,Publishing,2015-10-19,4.85,5.07,4.85,5.02,54100,5.02
ABCD,$220.4M,-1,Consumer Services,Publishing,2015-10-16,4.84,4.9,4.72,4.87,28100,4.87
ABCD,$220.4M,-1,Consumer Services,Publishing,2015-10-15,4.71,4.86,4.6,4.85,32000,4.85
ABCD,$220.4M,-1,Consumer Services,Publishing,2015-10-14,4.76,4.83,4.68,4.75,22500,4.75
ABCD,$220.4M,-1,Consumer Services,Publishing,2015-10-13,4.82,4.84,4.7,4.74,26200,4.74
ABCD,$220.4M,-1,Consumer Services,Publishing,2015-10-12,4.84,4.84,4.76,4.83,14800,4.83
ABCD,$220.4M,-1,Consumer Services,Publishing,2015-10-09,4.79,4.84,4.78,4.84,7000,4.84
ABCD,$220.4M,-1,Consumer Services,Publishing,2015-10-08,4.85,4.85,4.68,4.8,78000,4.8
ABCD,$220.4M,-1,Consumer Services,Publishing,2015-10-07,4.77,4.94,4.77,4.85,50000,4.85
ABCD,$220.4M,-1,Consumer Services,Publishing,2015-10-06,4.85,4.9,4.76,4.8,27000,4.8
ABCD,$220.4M,-1,Consumer Services,Publishing,2015-10-05,4.82,4.99,4.79,4.85,58500,4.85
ABCD,$220.4M,-1,Consumer Services,Publishing,2015-10-02,4.75,4.8,4.66,4.8,21700,4.8
ABCD,$220.4M,-1,Consumer Services,Publishing,2015-10-01,4.82,4.82,4.61,4.75,40500,4.75
ABCD,$220.4M,-1,Consumer Services,Publishing,2015-09-30,4.59,4.83,4.56,4.77,66900,4.77
ABCD,$220.4M,-1,Consumer Services,Publishing,2015-09-29,4.72,4.72,4.5,4.59,97100,4.59
ABCD,$220.4M,-1,Consumer Services,Publishing,2015-09-28,4.8,4.85,4.66,4.69,50700,4.69
ABCD,$220.4M,-1,Consumer Services,Publishing,2015-09-25,4.91,4.95,4.78,4.79,71400,4.79
ABCD,$220.4M,-1,Consumer Services,Publishing,2015-09-24,4.89,4.95,4.78,4.91,39800,4.91
ABCD,$220.4M,-1,Consumer Services,Publishing,2015-09-23,4.81,4.94,4.78,4.91,27000,4.91
ABCD,$220.4M,-1,Consumer Services,Publishing,2015-09-22,4.86,4.91,4.67,4.81,129700,4.81
ABCD,$220.4M,-1,Consumer Services,Publishing,2015-09-21,4.99,5.12,4.86,4.9,62400,4.9
ABCD,$220.4M,-1,Consumer Services,Publishing,2015-09-18,4.9,5.09,4.9,5.05,127300,5.05
ABCD,$220.4M,-1,Consumer Services,Publishing,2015-09-17,4.91,5.03,4.9,4.98,78900,4.98
ABCD,$220.4M,-1,Consumer Services,Publishing,2015-09-16,4.93,4.96,4.85,4.92,53000,4.92
ABCD,$220.4M,-1,Consumer Services,Publishing,2015-09-15,4.91,5,4.89,4.96,28500,4.96
ABCD,$220.4M,-1,Consumer Services,Publishing,2015-09-14,5.01,5.01,4.88,4.93,33700,4.93
ABCD,$220.4M,-1,Consumer Services,Publishing,2015-09-11,4.85,5.06,4.85,5,53300,5
ABCD,$220.4M,-1,Consumer Services,Publishing,2015-09-10,4.98,5.04,4.85,4.89,81200,4.89
ABCD,$220.4M,-1,Consumer Services,Publishing,2015-09-09,5.19,5.19,4.93,4.99,49700,4.99
ABCD,$220.4M,-1,Consumer Services,Publishing,2015-09-08,5.1,5.2,5.03,5.13,86600,5.13
ABCD,$220.4M,-1,Consumer Services,Publishing,2015-09-04,4.99,5.15,4.85,5.09,31300,5.09
ABCD,$220.4M,-1,Consumer Services,Publishing,2015-09-03,5.14,5.25,5.11,5.15,60600,5.15
ABCD,$220.4M,-1,Consumer Services,Publishing,2015-09-02,4.97,5.16,4.72,5.09,124300,5.09
ABCD,$220.4M,-1,Consumer Services,Publishing,2015-09-01,5.11,5.15,4.89,5,127300,5
ABCD,$220.4M,-1,Consumer Services,Publishing,2015-08-31,5.34,5.4,5.06,5.21,256500,5.21
ABCD,$220.4M,-1,Consumer Services,Publishing,2015-08-28,5.15,5.45,5.04,5.28,219600,5.28
ABCD,$220.4M,-1,Consumer Services,Publishing,2015-08-27,4.98,5.32,4.9,5.15,216800,5.15
ABCD,$220.4M,-1,Consumer Services,Publishing,2015-08-26,4.99,4.99,4.88,4.96,102500,4.96
ABCD,$220.4M,-1,Consumer Services,Publishing,2015-08-25,4.74,4.99,4.61,4.85,128600,4.85
ABCD,$220.4M,-1,Consumer Services,Publishing,2015-08-24,4.45,4.67,4.4,4.67,166700,4.67
ABCD,$220.4M,-1,Consumer Services,Publishing,2015-08-21,4.6,4.85,4.56,4.64,145400,4.64
ABCD,$220.4M,-1,Consumer Services,Publishing,2015-08-20,4.71,4.86,4.63,4.67,114000,4.67
ABCD,$220.4M,-1,Consumer Services,Publishing,2015-08-19,4.66,4.78,4.55,4.67,184700,4.67
ABCD,$220.4M,-1,Consumer Services,Publishing,2015-08-18,4.72,4.78,4.62,4.65,62400,4.65
ABCD,$220.4M,-1,Consumer Services,Publishing,2015-08-17,4.4,4.74,4.4,4.7,87900,4.7
ABCD,$220.4M,-1,Consumer Services,Publishing,2015-08-14,4.54,4.72,4.38,4.45,88400,4.45
ABCD,$220.4M,-1,Consumer Services,Publishing,2015-08-13,4.18,4.89,4.18,4.57,178600,4.57
ABCD,$220.4M,-1,Consumer Services,Publishing,2015-08-12,4.24,4.31,4.15,4.29,78600,4.29
ABCD,$220.4M,-1,Consumer Services,Publishing,2015-08-11,4.22,4.38,4.18,4.34,99400,4.34
ABCD,$220.4M,-1,Consumer Services,Publishing,2015-08-10,4.38,4.56,4.2,4.23,57400,4.23
ABCD,$220.4M,-1,Consumer Services,Publishing,2015-08-07,4.66,4.66,4.35,4.37,73400,4.37
ABCD,$220.4M,-1,Consumer Services,Publishing,2015-08-06,4.8,4.81,4.52,4.68,46000,4.68
ABCD,$220.4M,-1,Consumer Services,Publishing,2015-08-05,4.8,4.9,4.76,4.8,38100,4.8
ABCD,$220.4M,-1,Consumer Services,Publishing,2015-08-04,4.88,5,4.76,4.78,59400,4.78
ABCD,$220.4M,-1,Consumer Services,Publishing,2015-08-03,4.68,4.91,4.68,4.9,66700,4.9
ABCD,$220.4M,-1,Consumer Services,Publishing,2015-07-31,4.59,4.74,4.56,4.7,283100,4.7
ABCD,$220.4M,-1,Consumer Services,Publishing,2015-07-30,4.75,4.84,4.55,4.58,130800,4.58
ABCD,$220.4M,-1,Consumer Services,Publishing,2015-07-29,4.89,4.89,4.75,4.77,56700,4.77
ABCD,$220.4M,-1,Consumer Services,Publishing,2015-07-28,4.83,4.92,4.76,4.9,45000,4.9
ABCD,$220.4M,-1,Consumer Services,Publishing,2015-07-27,4.86,4.91,4.76,4.83,68200,4.83
ABCD,$220.4M,-1,Consumer Services,Publishing,2015-07-24,4.98,5.07,4.86,4.92,91100,4.92
ABCD,$220.4M,-1,Consumer Services,Publishing,2015-07-23,5.1,5.1,4.97,5.02,137300,5.02
ABCD,$220.4M,-1,Consumer Services,Publishing,2015-07-22,5.06,5.23,5.02,5.07,145500,5.07
ABCD,$220.4M,-1,Consumer Services,Publishing,2015-07-21,5.01,5.1,4.97,5.05,97600,5.05
ABCD,$220.4M,-1,Consumer Services,Publishing,2015-07-20,5.07,5.07,4.93,4.98,90500,4.98
ABCD,$220.4M,-1,Consumer Services,Publishing,2015-07-17,4.9,5.05,4.9,5.03,60800,5.03
ABCD,$220.4M,-1,Consumer Services,Publishing,2015-07-16,4.91,5.11,4.87,4.88,111500,4.88
ABCD,$220.4M,-1,Consumer Services,Publishing,2015-07-15,4.98,5.11,4.83,4.84,209400,4.84
ABCD,$220.4M,-1,Consumer Services,Publishing,2015-07-14,4.96,5,4.86,4.95,144400,4.95
ABCD,$220.4M,-1,Consumer Services,Publishing,2015-07-13,4.8,4.94,4.79,4.84,219300,4.84
ABCD,$220.4M,-1,Consumer Services,Publishing,2015-07-10,4.79,4.85,4.72,4.77,184500,4.77
ABCD,$220.4M,-1,Consumer Services,Publishing,2015-07-09,4.77,4.89,4.68,4.73,221200,4.73
ABCD,$220.4M,-1,Consumer Services,Publishing,2015-07-08,4.72,4.85,4.66,4.71,306000,4.71
ABCD,$220.4M,-1,Consumer Services,Publishing,2015-07-07,4.75,4.82,4.57,4.66,488400,4.66
ABCD,$220.4M,-1,Consumer Services,Publishing,2015-07-06,4.18,4.57,4.07,4.55,629700,4.55
ABCD,$220.4M,-1,Consumer Services,Publishing,2015-07-02,4.27,4.27,4.15,4.18,20500,4.18
ABCD,$220.4M,-1,Consumer Services,Publishing,2015-07-01,4.26,4.28,4.2,4.26,40000,4.26
ABCD,$220.4M,-1,Consumer Services,Publishing,2015-06-30,4.25,4.34,4.21,4.27,97500,4.27
ABCD,$220.4M,-1,Consumer Services,Publishing,2015-06-29,4.05,4.25,3.93,4.21,116200,4.21
ABCD,$220.4M,-1,Consumer Services,Publishing,2015-06-26,4.23,4.28,4.07,4.08,1496100,4.08
ABCD,$220.4M,-1,Consumer Services,Publishing,2015-06-25,4.24,4.29,4.17,4.23,124500,4.23
ABCD,$220.4M,-1,Consumer Services,Publishing,2015-06-24,4.24,4.32,4.16,4.21,36400,4.21
ABCD,$220.4M,-1,Consumer Services,Publishing,2015-06-23,4.16,4.25,4.16,4.24,42700,4.24
ABCD,$220.4M,-1,Consumer Services,Publishing,2015-06-22,4.16,4.22,4.15,4.18,19900,4.18
ABCD,$220.4M,-1,Consumer Services,Publishing,2015-06-19,4.25,4.25,4.12,4.16,43900,4.16
ABCD,$220.4M,-1,Consumer Services,Publishing,2015-06-18,4.17,4.3,4.17,4.24,71700,4.24
ABCD,$220.4M,-1,Consumer Services,Publishing,2015-06-17,4.24,4.25,4.13,4.19,44300,4.19
ABCD,$220.4M,-1,Consumer Services,Publishing,2015-06-16,4.26,4.27,4.12,4.21,52200,4.21
ABCD,$220.4M,-1,Consumer Services,Publishing,2015-06-15,4.25,4.3,4.11,4.24,75600,4.24
ABCD,$220.4M,-1,Consumer Services,Publishing,2015-06-12,4.27,4.3,4.2,4.28,64000,4.28
ABCD,$220.4M,-1,Consumer Services,Publishing,2015-06-11,4.29,4.31,4.25,4.25,35900,4.25
ABCD,$220.4M,-1,Consumer Services,Publishing,2015-06-10,4.25,4.36,4.23,4.3,106700,4.3
ABCD,$220.4M,-1,Consumer Services,Publishing,2015-06-09,4.27,4.28,4.25,4.27,45800,4.27
ABCD,$220.4M,-1,Consumer Services,Publishing,2015-06-08,4.15,4.29,4.15,4.27,60800,4.27
ABCD,$220.4M,-1,Consumer Services,Publishing,2015-06-05,4.15,4.25,4.14,4.2,116500,4.2
ABCD,$220.4M,-1,Consumer Services,Publishing,2015-06-04,4.14,4.15,4.05,4.11,22300,4.11
ABCD,$220.4M,-1,Consumer Services,Publishing,2015-06-03,4.06,4.23,3.95,4.13,100200,4.13
ABCD,$220.4M,-1,Consumer Services,Publishing,2015-06-02,4.06,4.08,3.97,4,56500,4
ABCD,$220.4M,-1,Consumer Services,Publishing,2015-06-01,4.35,4.45,3.79,4.04,109200,4.04
ABCD,$220.4M,-1,Consumer Services,Publishing,2015-05-29,3.83,4.22,3.8,4.22,141600,4.22
ABCD,$220.4M,-1,Consumer Services,Publishing,2015-05-28,3.69,3.84,3.69,3.84,15600,3.84
ABCD,$220.4M,-1,Consumer Services,Publishing,2015-05-27,3.81,3.85,3.74,3.74,38700,3.74
ABCD,$220.4M,-1,Consumer Services,Publishing,2015-05-26,3.88,3.89,3.69,3.84,25600,3.84
ABCD,$220.4M,-1,Consumer Services,Publishing,2015-05-22,3.81,3.95,3.81,3.84,62700,3.84
ABCD,$220.4M,-1,Consumer Services,Publishing,2015-05-21,3.81,3.86,3.75,3.79,20500,3.79
ABCD,$220.4M,-1,Consumer Services,Publishing,2015-05-20,3.69,3.97,3.61,3.73,95000,3.73
ABCD,$220.4M,-1,Consumer Services,Publishing,2015-05-19,3.73,3.78,3.6,3.65,57200,3.65
ABCD,$220.4M,-1,Consumer Services,Publishing,2015-05-18,3.37,3.81,3.37,3.78,271700,3.78
ABCD,$220.4M,-1,Consumer Services,Publishing,2015-05-15,3.18,3.34,3.1,3.33,494000,3.33
ABCD,$220.4M,-1,Consumer Services,Publishing,2015-05-14,2.95,3.08,2.93,3,41100,3
ABCD,$220.4M,-1,Consumer Services,Publishing,2015-05-13,3.06,3.06,2.94,2.99,11900,2.99
ABCD,$220.4M,-1,Consumer Services,Publishing,2015-05-12,2.98,3,2.95,2.97,25600,2.97
ABCD,$220.4M,-1,Consumer Services,Publishing,2015-05-11,3,3.02,2.96,2.98,4400,2.98
ABCD,$220.4M,-1,Consumer Services,Publishing,2015-05-08,3.06,3.07,2.95,2.97,10200,2.97
ABCD,$220.4M,-1,Consumer Services,Publishing,2015-05-07,2.97,3.01,2.97,2.98,6500,2.98
ABCD,$220.4M,-1,Consumer Services,Publishing,2015-05-06,2.98,3.04,2.95,2.98,21700,2.98
ABCD,$220.4M,-1,Consumer Services,Publishing,2015-05-05,3,3,2.95,2.97,11600,2.97
ABCD,$220.4M,-1,Consumer Services,Publishing,2015-05-04,2.95,3.11,2.92,2.96,19600,2.96
ABCD,$220.4M,-1,Consumer Services,Publishing,2015-05-01,2.91,3.05,2.91,2.95,10300,2.95
ABCD,$220.4M,-1,Consumer Services,Publishing,2015-04-30,2.98,3.02,2.89,2.95,17900,2.95
ABCD,$220.4M,-1,Consumer Services,Publishing,2015-04-29,3.04,3.04,2.95,3,38500,3
ABCD,$220.4M,-1,Consumer Services,Publishing,2015-04-28,3,3.08,2.99,3.07,18900,3.07
ABCD,$220.4M,-1,Consumer Services,Publishing,2015-04-27,3.07,3.2,3.03,3.03,34900,3.03
ABCD,$220.4M,-1,Consumer Services,Publishing,2015-04-24,3,3.15,2.97,3.1,101100,3.1
ABCD,$220.4M,-1,Consumer Services,Publishing,2015-04-23,3.08,3.08,3,3,29400,3
ABCD,$220.4M,-1,Consumer Services,Publishing,2015-04-22,3.13,3.13,3,3,79000,3
ABCD,$220.4M,-1,Consumer Services,Publishing,2015-04-21,3.2,3.22,3.05,3.1,137100,3.1
ABCD,$220.4M,-1,Consumer Services,Publishing,2015-04-20,3.12,3.25,3.11,3.15,385800,3.15
ABCD,$220.4M,-1,Consumer Services,Publishing,2015-04-17,2.98,3.02,2.93,3,13500,3
ABCD,$220.4M,-1,Consumer Services,Publishing,2015-04-16,2.96,3.04,2.96,2.99,4900,2.99
ABCD,$220.4M,-1,Consumer Services,Publishing,2015-04-15,2.96,3.03,2.85,3,12700,3
ABCD,$220.4M,-1,Consumer Services,Publishing,2015-04-14,2.97,3.03,2.9,2.99,17400,2.99
ABCD,$220.4M,-1,Consumer Services,Publishing,2015-04-13,3.05,3.05,2.85,2.99,41500,2.99
ABCD,$220.4M,-1,Consumer Services,Publishing,2015-04-10,3.05,3.07,2.97,3.04,113200,3.04
ABCD,$220.4M,-1,Consumer Services,Publishing,2015-04-09,3.06,3.09,3.02,3.09,19600,3.09
ABCD,$220.4M,-1,Consumer Services,Publishing,2015-04-08,3.04,3.07,2.97,2.98,62200,2.98
ABCD,$220.4M,-1,Consumer Services,Publishing,2015-04-07,3.15,3.16,3.01,3.07,47600,3.07
ABCD,$220.4M,-1,Consumer Services,Publishing,2015-04-06,3.23,3.23,3.14,3.14,6200,3.14
ABCD,$220.4M,-1,Consumer Services,Publishing,2015-04-02,3.24,3.24,3.16,3.19,18800,3.19
ABCD,$220.4M,-1,Consumer Services,Publishing,2015-04-01,3.17,3.22,3.14,3.2,28900,3.2
ABCD,$220.4M,-1,Consumer Services,Publishing,2015-03-31,3.13,3.4,3.13,3.16,45000,3.16
ABCD,$220.4M,-1,Consumer Services,Publishing,2015-03-30,3.2,3.2,3.1,3.17,46300,3.17
ABCD,$220.4M,-1,Consumer Services,Publishing,2015-03-27,3.19,3.27,2.97,3.19,33400,3.19
ABCD,$220.4M,-1,Consumer Services,Publishing,2015-03-26,3.21,3.3,3.2,3.22,36800,3.22
ABCD,$220.4M,-1,Consumer Services,Publishing,2015-03-25,3.24,3.24,3.12,3.2,48000,3.2
ABCD,$220.4M,-1,Consumer Services,Publishing,2015-03-24,3.25,3.3,3.2,3.2,37700,3.2
ABCD,$220.4M,-1,Consumer Services,Publishing,2015-03-23,3.16,3.25,3.12,3.21,46200,3.21
ABCD,$220.4M,-1,Consumer Services,Publishing,2015-03-20,3.17,3.25,3.07,3.11,73700,3.11
ABCD,$220.4M,-1,Consumer Services,Publishing,2015-03-19,3.1,3.2,3.05,3.17,97300,3.17
ABCD,$220.4M,-1,Consumer Services,Publishing,2015-03-18,2.98,3.11,2.96,3.05,122200,3.05
ABCD,$220.4M,-1,Consumer Services,Publishing,2015-03-17,3.03,3.03,2.94,2.98,5300,2.98
ABCD,$220.4M,-1,Consumer Services,Publishing,2015-03-16,3.03,3.03,2.91,3,57200,3
ABCD,$220.4M,-1,Consumer Services,Publishing,2015-03-13,3.02,3.03,2.95,3,59500,3
ABCD,$220.4M,-1,Consumer Services,Publishing,2015-03-12,2.97,3.03,2.97,3.01,17900,3.01
ABCD,$220.4M,-1,Consumer Services,Publishing,2015-03-11,3.09,3.09,2.95,2.96,52600,2.96
ABCD,$220.4M,-1,Consumer Services,Publishing,2015-03-10,3,3.03,2.96,3.01,29400,3.01
ABCD,$220.4M,-1,Consumer Services,Publishing,2015-03-09,2.97,3.17,2.97,3.02,67100,3.02
ABCD,$220.4M,-1,Consumer Services,Publishing,2015-03-06,2.85,3.11,2.85,2.95,109600,2.95
ABCD,$220.4M,-1,Consumer Services,Publishing,2015-03-05,2.78,2.85,2.75,2.84,64500,2.84
ABCD,$220.4M,-1,Consumer Services,Publishing,2015-03-04,2.77,2.78,2.71,2.74,32600,2.74
ABCD,$220.4M,-1,Consumer Services,Publishing,2015-03-03,2.75,2.75,2.63,2.73,7900,2.73
ABCD,$220.4M,-1,Consumer Services,Publishing,2015-03-02,2.67,2.77,2.67,2.75,56000,2.75
ABCD,$220.4M,-1,Consumer Services,Publishing,2015-02-27,2.67,2.67,2.67,2.67,400,2.67
ABCD,$220.4M,-1,Consumer Services,Publishing,2015-02-26,2.71,2.71,2.63,2.69,1400,2.69
ABCD,$220.4M,-1,Consumer Services,Publishing,2015-02-25,2.66,2.69,2.61,2.64,18100,2.64
ABCD,$220.4M,-1,Consumer Services,Publishing,2015-02-24,2.7,2.72,2.7,2.72,3600,2.72
ABCD,$220.4M,-1,Consumer Services,Publishing,2015-02-23,2.65,2.73,2.64,2.65,8300,2.65
ABCD,$220.4M,-1,Consumer Services,Publishing,2015-02-20,2.68,2.7,2.65,2.66,15200,2.66
ABCD,$220.4M,-1,Consumer Services,Publishing,2015-02-19,2.7,2.74,2.59,2.65,18200,2.65
ABCD,$220.4M,-1,Consumer Services,Publishing,2015-02-18,2.57,2.65,2.55,2.64,46600,2.64
ABCD,$220.4M,-1,Consumer Services,Publishing,2015-02-17,2.51,2.59,2.51,2.54,63000,2.54
ABCD,$220.4M,-1,Consumer Services,Publishing,2015-02-13,2.52,2.59,2.51,2.58,8900,2.58
ABCD,$220.4M,-1,Consumer Services,Publishing,2015-02-12,2.59,2.59,2.51,2.58,12700,2.58
ABCD,$220.4M,-1,Consumer Services,Publishing,2015-02-11,2.56,2.59,2.52,2.58,8700,2.58
ABCD,$220.4M,-1,Consumer Services,Publishing,2015-02-10,2.56,2.64,2.53,2.59,21600,2.59
ABCD,$220.4M,-1,Consumer Services,Publishing,2015-02-09,2.62,2.65,2.51,2.55,16600,2.55
ABCD,$220.4M,-1,Consumer Services,Publishing,2015-02-06,2.7,2.73,2.59,2.62,35100,2.62
ABCD,$220.4M,-1,Consumer Services,Publishing,2015-02-05,2.59,2.7,2.51,2.68,12000,2.68
ABCD,$220.4M,-1,Consumer Services,Publishing,2015-02-04,2.67,2.7,2.41,2.55,11700,2.55
ABCD,$220.4M,-1,Consumer Services,Publishing,2015-02-03,2.72,2.73,2.65,2.69,18500,2.69
ABCD,$220.4M,-1,Consumer Services,Publishing,2015-02-02,2.51,2.71,2.51,2.65,80800,2.65
ABCD,$220.4M,-1,Consumer Services,Publishing,2015-01-30,2.59,2.61,2.46,2.51,5100,2.51
ABCD,$220.4M,-1,Consumer Services,Publishing,2015-01-29,2.52,2.59,2.33,2.52,69700,2.52
ABCD,$220.4M,-1,Consumer Services,Publishing,2015-01-28,2.55,2.55,2.45,2.54,16500,2.54
ABCD,$220.4M,-1,Consumer Services,Publishing,2015-01-27,2.6,2.6,2.53,2.55,13900,2.55
ABCD,$220.4M,-1,Consumer Services,Publishing,2015-01-26,2.5,2.61,2.46,2.54,222700,2.54
ABCD,$220.4M,-1,Consumer Services,Publishing,2015-01-23,2.36,2.48,2.31,2.42,81100,2.42
ABCD,$220.4M,-1,Consumer Services,Publishing,2015-01-22,2.3,2.36,2.21,2.3,53000,2.3
ABCD,$220.4M,-1,Consumer Services,Publishing,2015-01-21,2.11,2.41,2.11,2.29,175700,2.29
ABCD,$220.4M,-1,Consumer Services,Publishing,2015-01-20,1.84,2.1,1.84,2.1,71400,2.1
ABCD,$220.4M,-1,Consumer Services,Publishing,2015-01-16,1.84,1.85,1.8,1.8,10300,1.8
ABCD,$220.4M,-1,Consumer Services,Publishing,2015-01-15,1.8,1.83,1.79,1.8,18200,1.8
ABCD,$220.4M,-1,Consumer Services,Publishing,2015-01-14,1.77,1.84,1.77,1.83,14300,1.83
ABCD,$220.4M,-1,Consumer Services,Publishing,2015-01-13,1.79,1.8,1.75,1.75,10200,1.75
ABCD,$220.4M,-1,Consumer Services,Publishing,2015-01-12,1.78,1.79,1.73,1.77,1500,1.77
ABCD,$220.4M,-1,Consumer Services,Publishing,2015-01-09,1.74,1.75,1.74,1.75,10000,1.75
ABCD,$220.4M,-1,Consumer Services,Publishing,2015-01-08,1.75,1.79,1.74,1.79,24000,1.79
ABCD,$220.4M,-1,Consumer Services,Publishing,2015-01-07,1.81,1.84,1.72,1.75,12400,1.75
ABCD,$220.4M,-1,Consumer Services,Publishing,2015-01-06,1.73,1.75,1.67,1.73,24500,1.73
ABCD,$220.4M,-1,Consumer Services,Publishing,2015-01-05,1.65,1.85,1.65,1.77,16900,1.77
ABCD,$220.4M,-1,Consumer Services,Publishing,2015-01-02,1.78,1.78,1.76,1.76,400,1.76
ABCD,$220.4M,-1,Consumer Services,Publishing,2014-12-31,1.66,1.84,1.65,1.66,33600,1.66
ABCD,$220.4M,-1,Consumer Services,Publishing,2014-12-30,1.65,1.69,1.65,1.66,6200,1.66
ABCD,$220.4M,-1,Consumer Services,Publishing,2014-12-29,1.64,1.66,1.64,1.66,1200,1.66
ABCD,$220.4M,-1,Consumer Services,Publishing,2014-12-26,1.66,1.68,1.66,1.66,400,1.66
ABCD,$220.4M,-1,Consumer Services,Publishing,2014-12-24,1.66,1.7,1.65,1.69,5800,1.69
ABCD,$220.4M,-1,Consumer Services,Publishing,2014-12-23,1.66,1.74,1.65,1.66,10700,1.66
ABCD,$220.4M,-1,Consumer Services,Publishing,2014-12-22,1.74,1.75,1.67,1.67,2200,1.67
ABCD,$220.4M,-1,Consumer Services,Publishing,2014-12-19,1.54,1.66,1.54,1.65,26600,1.65
ABCD,$220.4M,-1,Consumer Services,Publishing,2014-12-18,1.6,1.6,1.52,1.53,11100,1.53
ABCD,$220.4M,-1,Consumer Services,Publishing,2014-12-17,1.6,1.61,1.6,1.61,1000,1.61
ABCD,$220.4M,-1,Consumer Services,Publishing,2014-12-16,1.59,1.6,1.51,1.54,22800,1.54
ABCD,$220.4M,-1,Consumer Services,Publishing,2014-12-15,1.57,1.65,1.52,1.57,23700,1.57
ABCD,$220.4M,-1,Consumer Services,Publishing,2014-12-12,1.64,1.67,1.52,1.59,28300,1.59
ABCD,$220.4M,-1,Consumer Services,Publishing,2014-12-11,1.61,1.62,1.61,1.62,5600,1.62
ABCD,$220.4M,-1,Consumer Services,Publishing,2014-12-10,1.65,1.7,1.65,1.66,7000,1.66
ABCD,$220.4M,-1,Consumer Services,Publishing,2014-12-09,1.61,1.65,1.6,1.65,22600,1.65
ABCD,$220.4M,-1,Consumer Services,Publishing,2014-12-08,1.61,1.69,1.61,1.65,5700,1.65
ABCD,$220.4M,-1,Consumer Services,Publishing,2014-12-05,1.66,1.72,1.66,1.69,12500,1.69
ABCD,$220.4M,-1,Consumer Services,Publishing,2014-12-04,1.67,1.7,1.61,1.65,26300,1.65
ABCD,$220.4M,-1,Consumer Services,Publishing,2014-12-03,1.7,1.75,1.62,1.69,2400,1.69
ABCD,$220.4M,-1,Consumer Services,Publishing,2014-12-02,1.7,1.7,1.7,1.7,0,1.7
ABCD,$220.4M,-1,Consumer Services,Publishing,2014-12-01,1.7,1.76,1.67,1.7,18700,1.7
ABCD,$220.4M,-1,Consumer Services,Publishing,2014-11-28,1.8,1.8,1.8,1.8,0,1.8
ABCD,$220.4M,-1,Consumer Services,Publishing,2014-11-26,1.74,1.81,1.74,1.8,1700,1.8
ABCD,$220.4M,-1,Consumer Services,Publishing,2014-11-25,1.72,1.72,1.72,1.72,0,1.72
ABCD,$220.4M,-1,Consumer Services,Publishing,2014-11-24,1.77,1.77,1.7,1.72,8300,1.72
ABCD,$220.4M,-1,Consumer Services,Publishing,2014-11-21,1.86,1.86,1.7,1.76,19200,1.76
ABCD,$220.4M,-1,Consumer Services,Publishing,2014-11-20,1.84,1.87,1.79,1.79,500,1.79
ABCD,$220.4M,-1,Consumer Services,Publishing,2014-11-19,1.85,1.85,1.85,1.85,0,1.85
ABCD,$220.4M,-1,Consumer Services,Publishing,2014-11-18,1.72,1.86,1.71,1.85,1000,1.85
ABCD,$220.4M,-1,Consumer Services,Publishing,2014-11-17,1.74,1.89,1.74,1.82,2300,1.82
ABCD,$220.4M,-1,Consumer Services,Publishing,2014-11-14,1.77,1.89,1.74,1.76,7200,1.76
ABCD,$220.4M,-1,Consumer Services,Publishing,2014-11-13,1.85,1.96,1.75,1.75,54400,1.75
ABCD,$220.4M,-1,Consumer Services,Publishing,2014-11-12,1.8,1.94,1.8,1.81,15300,1.81
ABCD,$220.4M,-1,Consumer Services,Publishing,2014-11-11,1.7,1.94,1.7,1.85,38900,1.85
ABCD,$220.4M,-1,Consumer Services,Publishing,2014-11-10,1.66,2.1,1.66,1.78,45700,1.78
ABCD,$220.4M,-1,Consumer Services,Publishing,2014-11-07,1.47,1.64,1.47,1.63,178800,1.63
ABCD,$220.4M,-1,Consumer Services,Publishing,2014-11-06,1.52,1.57,1.51,1.51,28200,1.51
ABCD,$220.4M,-1,Consumer Services,Publishing,2014-11-05,1.56,1.56,1.51,1.51,18100,1.51
ABCD,$220.4M,-1,Consumer Services,Publishing,2014-11-04,1.51,1.56,1.5,1.52,67600,1.52
ABCD,$220.4M,-1,Consumer Services,Publishing,2014-11-03,1.57,1.65,1.49,1.5,3900,1.5
ABCD,$220.4M,-1,Consumer Services,Publishing,2014-10-31,1.47,1.55,1.47,1.53,18000,1.53
ABCD,$220.4M,-1,Consumer Services,Publishing,2014-10-30,1.49,1.53,1.49,1.51,12100,1.51
ABCD,$220.4M,-1,Consumer Services,Publishing,2014-10-29,1.64,1.64,1.48,1.51,15700,1.51
ABCD,$220.4M,-1,Consumer Services,Publishing,2014-10-28,1.47,1.5,1.47,1.5,23500,1.5
ABCD,$220.4M,-1,Consumer Services,Publishing,2014-10-27,1.48,1.48,1.48,1.48,700,1.48
ABCD,$220.4M,-1,Consumer Services,Publishing,2014-10-24,1.4,1.51,1.4,1.47,42100,1.47
ABCD,$220.4M,-1,Consumer Services,Publishing,2014-10-23,1.43,1.46,1.4,1.45,18000,1.45
ABCD,$220.4M,-1,Consumer Services,Publishing,2014-10-22,1.4,1.47,1.4,1.45,10600,1.45
ABCD,$220.4M,-1,Consumer Services,Publishing,2014-10-21,1.47,1.47,1.46,1.46,1000,1.46
ABCD,$220.4M,-1,Consumer Services,Publishing,2014-10-20,1.43,1.44,1.43,1.44,1000,1.44
ABCD,$220.4M,-1,Consumer Services,Publishing,2014-10-17,1.5,1.54,1.41,1.47,49300,1.47
ABCD,$220.4M,-1,Consumer Services,Publishing,2014-10-16,1.48,1.48,1.48,1.48,0,1.48
ABCD,$220.4M,-1,Consumer Services,Publishing,2014-10-15,1.49,1.5,1.41,1.48,23400,1.48
ABCD,$220.4M,-1,Consumer Services,Publishing,2014-10-14,1.55,1.59,1.48,1.48,8400,1.48
ABCD,$220.4M,-1,Consumer Services,Publishing,2014-10-13,1.55,1.55,1.46,1.53,1200,1.53
ABCD,$220.4M,-1,Consumer Services,Publishing,2014-10-10,1.58,1.58,1.49,1.56,1400,1.56
ABCD,$220.4M,-1,Consumer Services,Publishing,2014-10-09,1.65,1.65,1.51,1.55,5900,1.55
ABCD,$220.4M,-1,Consumer Services,Publishing,2014-10-08,1.62,1.62,1.6,1.61,3000,1.61
ABCD,$220.4M,-1,Consumer Services,Publishing,2014-10-07,1.6,1.72,1.59,1.6,6500,1.6
ABCD,$220.4M,-1,Consumer Services,Publishing,2014-10-06,1.56,1.65,1.55,1.63,8200,1.63
ABCD,$220.4M,-1,Consumer Services,Publishing,2014-10-03,1.61,1.61,1.61,1.61,0,1.61
ABCD,$220.4M,-1,Consumer Services,Publishing,2014-10-02,1.68,1.68,1.56,1.61,4500,1.61
ABCD,$220.4M,-1,Consumer Services,Publishing,2014-10-01,1.55,1.57,1.55,1.57,14700,1.57
ABCD,$220.4M,-1,Consumer Services,Publishing,2014-09-30,1.49,1.55,1.49,1.52,1200,1.52
ABCD,$220.4M,-1,Consumer Services,Publishing,2014-09-29,1.49,1.54,1.49,1.54,2300,1.54
ABCD,$220.4M,-1,Consumer Services,Publishing,2014-09-26,1.49,1.63,1.43,1.52,15100,1.52
ABCD,$220.4M,-1,Consumer Services,Publishing,2014-09-25,1.49,1.56,1.45,1.54,4400,1.54
ABCD,$220.4M,-1,Consumer Services,Publishing,2014-09-24,1.41,1.54,1.41,1.53,29600,1.53
ABCD,$220.4M,-1,Consumer Services,Publishing,2014-09-23,1.46,1.5,1.45,1.48,10300,1.48
ABCD,$220.4M,-1,Consumer Services,Publishing,2014-09-22,1.41,1.5,1.36,1.48,105400,1.48
ABCD,$220.4M,-1,Consumer Services,Publishing,2014-09-19,1.45,1.48,1.36,1.45,74400,1.45
ABCD,$220.4M,-1,Consumer Services,Publishing,2014-09-18,1.49,1.49,1.46,1.46,25700,1.46
ABCD,$220.4M,-1,Consumer Services,Publishing,2014-09-17,1.54,1.56,1.29,1.5,63200,1.5
ABCD,$220.4M,-1,Consumer Services,Publishing,2014-09-16,1.59,1.64,1.56,1.57,16400,1.57
ABCD,$220.4M,-1,Consumer Services,Publishing,2014-09-15,1.52,1.59,1.5,1.55,8600,1.55
ABCD,$220.4M,-1,Consumer Services,Publishing,2014-09-12,1.55,1.58,1.55,1.56,7500,1.56
ABCD,$220.4M,-1,Consumer Services,Publishing,2014-09-11,1.5,1.61,1.5,1.56,31200,1.56
ABCD,$220.4M,-1,Consumer Services,Publishing,2014-09-10,1.53,1.57,1.52,1.52,11600,1.52
ABCD,$220.4M,-1,Consumer Services,Publishing,2014-09-09,1.6,1.61,1.55,1.58,14500,1.58
ABCD,$220.4M,-1,Consumer Services,Publishing,2014-09-08,1.56,1.6,1.54,1.59,29500,1.59
ABCD,$220.4M,-1,Consumer Services,Publishing,2014-09-05,1.56,1.64,1.56,1.62,5300,1.62
ABCD,$220.4M,-1,Consumer Services,Publishing,2014-09-04,1.65,1.65,1.55,1.56,107800,1.56
ABCD,$220.4M,-1,Consumer Services,Publishing,2014-09-03,1.65,1.67,1.6,1.65,21100,1.65
ABCD,$220.4M,-1,Consumer Services,Publishing,2014-09-02,1.61,1.66,1.61,1.62,8900,1.62
ABCD,$220.4M,-1,Consumer Services,Publishing,2014-08-29,1.64,1.66,1.62,1.66,13000,1.66
ABCD,$220.4M,-1,Consumer Services,Publishing,2014-08-28,1.56,1.68,1.56,1.68,3200,1.68
ABCD,$220.4M,-1,Consumer Services,Publishing,2014-08-27,1.65,1.66,1.63,1.65,15600,1.65
ABCD,$220.4M,-1,Consumer Services,Publishing,2014-08-26,1.66,1.68,1.65,1.65,27100,1.65
ABCD,$220.4M,-1,Consumer Services,Publishing,2014-08-25,1.62,1.67,1.56,1.66,37500,1.66
ABCD,$220.4M,-1,Consumer Services,Publishing,2014-08-22,1.69,1.69,1.6,1.62,9300,1.62
ABCD,$220.4M,-1,Consumer Services,Publishing,2014-08-21,1.67,1.76,1.66,1.68,55900,1.68
ABCD,$220.4M,-1,Consumer Services,Publishing,2014-08-20,1.78,1.79,1.68,1.69,7200,1.69
ABCD,$220.4M,-1,Consumer Services,Publishing,2014-08-19,1.85,1.85,1.77,1.77,2700,1.77
ABCD,$220.4M,-1,Consumer Services,Publishing,2014-08-18,1.79,1.86,1.78,1.78,3800,1.78
ABCD,$220.4M,-1,Consumer Services,Publishing,2014-08-15,1.76,1.89,1.76,1.86,13700,1.86
ABCD,$220.4M,-1,Consumer Services,Publishing,2014-08-14,1.82,1.86,1.73,1.8,8500,1.8
ABCD,$220.4M,-1,Consumer Services,Publishing,2014-08-13,1.8,1.87,1.8,1.83,3200,1.83
ABCD,$220.4M,-1,Consumer Services,Publishing,2014-08-12,1.91,1.93,1.81,1.82,8800,1.82
ABCD,$220.4M,-1,Consumer Services,Publishing,2014-08-11,1.78,1.87,1.75,1.84,23700,1.84
ABCD,$220.4M,-1,Consumer Services,Publishing,2014-08-08,1.79,1.97,1.79,1.84,14600,1.84
ABCD,$220.4M,-1,Consumer Services,Publishing,2014-08-07,1.94,1.97,1.78,1.79,80400,1.79
ABCD,$220.4M,-1,Consumer Services,Publishing,2014-08-06,1.97,1.97,1.96,1.96,300,1.96
ABCD,$220.4M,-1,Consumer Services,Publishing,2014-08-05,1.91,1.95,1.85,1.92,23000,1.92
ABCD,$220.4M,-1,Consumer Services,Publishing,2014-08-04,2,2.25,1.84,1.92,7800,1.92
ABCD,$220.4M,-1,Consumer Services,Publishing,2014-08-01,1.98,1.99,1.93,1.94,1400,1.94
ABCD,$220.4M,-1,Consumer Services,Publishing,2014-07-31,1.87,1.98,1.86,1.95,23400,1.95
ABCD,$220.4M,-1,Consumer Services,Publishing,2014-07-30,1.85,1.85,1.84,1.85,3400,1.85
ABCD,$220.4M,-1,Consumer Services,Publishing,2014-07-29,1.88,1.88,1.79,1.84,24700,1.84
ABCD,$220.4M,-1,Consumer Services,Publishing,2014-07-28,1.85,1.88,1.8,1.85,11300,1.85
ABCD,$220.4M,-1,Consumer Services,Publishing,2014-07-25,1.98,1.98,1.8,1.88,20000,1.88
ABCD,$220.4M,-1,Consumer Services,Publishing,2014-07-24,1.93,2,1.85,1.92,9700,1.92
ABCD,$220.4M,-1,Consumer Services,Publishing,2014-07-23,1.84,1.96,1.83,1.95,135900,1.95
ABCD,$220.4M,-1,Consumer Services,Publishing,2014-07-22,1.83,1.88,1.8,1.84,68700,1.84
ABCD,$220.4M,-1,Consumer Services,Publishing,2014-07-21,1.89,1.93,1.83,1.84,94900,1.84
ABCD,$220.4M,-1,Consumer Services,Publishing,2014-07-18,1.94,1.97,1.78,1.87,29300,1.87
ABCD,$220.4M,-1,Consumer Services,Publishing,2014-07-17,1.96,1.96,1.92,1.96,3500,1.96
ABCD,$220.4M,-1,Consumer Services,Publishing,2014-07-16,1.86,1.97,1.86,1.97,21600,1.97
ABCD,$220.4M,-1,Consumer Services,Publishing,2014-07-15,2.05,2.05,1.81,1.89,111400,1.89
ABCD,$220.4M,-1,Consumer Services,Publishing,2014-07-14,2,2.06,1.99,2.05,25500,2.05
ABCD,$220.4M,-1,Consumer Services,Publishing,2014-07-11,1.99,2.08,1.99,2.07,53100,2.07
ABCD,$220.4M,-1,Consumer Services,Publishing,2014-07-10,1.96,2.07,1.96,2,8600,2
ABCD,$220.4M,-1,Consumer Services,Publishing,2014-07-09,2.09,2.09,2.02,2.02,3800,2.02
ABCD,$220.4M,-1,Consumer Services,Publishing,2014-07-08,2.05,2.09,2,2.03,7200,2.03
ABCD,$220.4M,-1,Consumer Services,Publishing,2014-07-07,2.11,2.11,2.04,2.04,10400,2.04
ABCD,$220.4M,-1,Consumer Services,Publishing,2014-07-03,2.09,2.15,2.09,2.14,10800,2.14
ABCD,$220.4M,-1,Consumer Services,Publishing,2014-07-02,2.12,2.15,2.1,2.1,10700,2.1
ABCD,$220.4M,-1,Consumer Services,Publishing,2014-07-01,2.13,2.22,2.06,2.07,6200,2.07
ABCD,$220.4M,-1,Consumer Services,Publishing,2014-06-30,2.14,2.2,2.09,2.18,14500,2.18
ABCD,$220.4M,-1,Consumer Services,Publishing,2014-06-27,2.15,2.24,2.08,2.24,13900,2.24
ABCD,$220.4M,-1,Consumer Services,Publishing,2014-06-26,2.1,2.21,1.94,2.12,54600,2.12
ABCD,$220.4M,-1,Consumer Services,Publishing,2014-06-25,1.98,2.08,1.98,2.07,7300,2.07
ABCD,$220.4M,-1,Consumer Services,Publishing,2014-06-24,1.95,2.05,1.95,2.05,7000,2.05
ABCD,$220.4M,-1,Consumer Services,Publishing,2014-06-23,2.08,2.08,1.91,2,40300,2
ABCD,$220.4M,-1,Consumer Services,Publishing,2014-06-20,2.07,2.07,1.97,2.04,28800,2.04
ABCD,$220.4M,-1,Consumer Services,Publishing,2014-06-19,2,2.1,1.97,2.02,6000,2.02
ABCD,$220.4M,-1,Consumer Services,Publishing,2014-06-18,1.98,2.03,1.98,2,5300,2
ABCD,$220.4M,-1,Consumer Services,Publishing,2014-06-17,2.05,2.17,2,2.01,13500,2.01
ABCD,$220.4M,-1,Consumer Services,Publishing,2014-06-16,2.02,2.08,2.02,2.05,16100,2.05
ABCD,$220.4M,-1,Consumer Services,Publishing,2014-06-13,2.04,2.17,1.99,2.06,79600,2.06
ABCD,$220.4M,-1,Consumer Services,Publishing,2014-06-12,2.03,2.1,2,2.04,24200,2.04
ABCD,$220.4M,-1,Consumer Services,Publishing,2014-06-11,2,2.03,2,2.02,9800,2.02
ABCD,$220.4M,-1,Consumer Services,Publishing,2014-06-10,1.99,2.04,1.9,2,49100,2
ABCD,$220.4M,-1,Consumer Services,Publishing,2014-06-09,2.07,2.08,1.92,2,73500,2
ABCD,$220.4M,-1,Consumer Services,Publishing,2014-06-06,2.09,2.18,2.08,2.08,8300,2.08
ABCD,$220.4M,-1,Consumer Services,Publishing,2014-06-05,2.12,2.19,2.12,2.17,8800,2.17
ABCD,$220.4M,-1,Consumer Services,Publishing,2014-06-04,2.1,2.2,2.05,2.2,63900,2.2
ABCD,$220.4M,-1,Consumer Services,Publishing,2014-06-03,2.2,2.2,2.08,2.15,21300,2.15
ABCD,$220.4M,-1,Consumer Services,Publishing,2014-06-02,2.23,2.24,2.16,2.17,22900,2.17
ABCD,$220.4M,-1,Consumer Services,Publishing,2014-05-30,2.24,2.24,2.24,2.24,800,2.24
ABCD,$220.4M,-1,Consumer Services,Publishing,2014-05-29,2.25,2.28,2.22,2.24,1900,2.24
ABCD,$220.4M,-1,Consumer Services,Publishing,2014-05-28,2.25,2.33,2.23,2.24,7500,2.24
ABCD,$220.4M,-1,Consumer Services,Publishing,2014-05-27,2.33,2.34,2.21,2.25,31900,2.25
ABCD,$220.4M,-1,Consumer Services,Publishing,2014-05-23,2.33,2.33,2.23,2.31,1300,2.31
ABCD,$220.4M,-1,Consumer Services,Publishing,2014-05-22,2.3,2.34,2.2,2.21,41300,2.21
ABCD,$220.4M,-1,Consumer Services,Publishing,2014-05-21,2.26,2.35,2.26,2.3,6800,2.3
ABCD,$220.4M,-1,Consumer Services,Publishing,2014-05-20,2.26,2.3,2.26,2.3,2400,2.3
ABCD,$220.4M,-1,Consumer Services,Publishing,2014-05-19,2.35,2.35,2.3,2.3,29000,2.3
ABCD,$220.4M,-1,Consumer Services,Publishing,2014-05-16,2.35,2.35,2.3,2.35,16700,2.35
ABCD,$220.4M,-1,Consumer Services,Publishing,2014-05-15,2.33,2.37,2.28,2.36,82500,2.36
ABCD,$220.4M,-1,Consumer Services,Publishing,2014-05-14,2.25,2.35,2.25,2.31,15500,2.31
ABCD,$220.4M,-1,Consumer Services,Publishing,2014-05-13,2.35,2.4,2.27,2.29,109300,2.29
ABCD,$220.4M,-1,Consumer Services,Publishing,2014-05-12,2.2,2.35,2.19,2.22,40400,2.22
ABCD,$220.4M,-1,Consumer Services,Publishing,2014-05-09,2.18,2.24,2.15,2.2,10800,2.2
ABCD,$220.4M,-1,Consumer Services,Publishing,2014-05-08,2.17,2.24,2.17,2.19,9500,2.19
ABCD,$220.4M,-1,Consumer Services,Publishing,2014-05-07,2.14,2.25,2.13,2.22,34300,2.22
ABCD,$220.4M,-1,Consumer Services,Publishing,2014-05-06,2.16,2.23,2.15,2.17,10600,2.17
ABCD,$220.4M,-1,Consumer Services,Publishing,2014-05-05,2.1,2.2,2.01,2.14,49700,2.14
ABCD,$220.4M,-1,Consumer Services,Publishing,2014-05-02,2.22,2.24,2.22,2.23,19400,2.23
ABCD,$220.4M,-1,Consumer Services,Publishing,2014-05-01,2.24,2.24,2.2,2.23,10200,2.23
ABCD,$220.4M,-1,Consumer Services,Publishing,2014-04-30,2.24,2.25,2.22,2.24,4400,2.24
ABCD,$220.4M,-1,Consumer Services,Publishing,2014-04-29,2.33,2.33,2.23,2.24,12800,2.24
ABCD,$220.4M,-1,Consumer Services,Publishing,2014-04-28,2.21,2.34,2.21,2.24,10200,2.24
ABCD,$220.4M,-1,Consumer Services,Publishing,2014-04-25,2.17,2.33,2.15,2.25,25400,2.25
ABCD,$220.4M,-1,Consumer Services,Publishing,2014-04-24,2.2,2.2,2.13,2.15,2700,2.15
ABCD,$220.4M,-1,Consumer Services,Publishing,2014-04-23,2.19,2.2,2.13,2.17,19100,2.17
ABCD,$220.4M,-1,Consumer Services,Publishing,2014-04-22,2.2,2.2,2.15,2.16,22700,2.16
ABCD,$220.4M,-1,Consumer Services,Publishing,2014-04-21,2.19,2.3,2.16,2.17,45600,2.17
ABCD,$220.4M,-1,Consumer Services,Publishing,2014-04-17,2.16,2.18,2.15,2.15,10100,2.15
ABCD,$220.4M,-1,Consumer Services,Publishing,2014-04-16,2.1,2.18,2.1,2.17,28400,2.17
ABCD,$220.4M,-1,Consumer Services,Publishing,2014-04-15,2.15,2.15,2.08,2.13,10200,2.13
ABCD,$220.4M,-1,Consumer Services,Publishing,2014-04-14,2.13,2.17,2.11,2.17,12900,2.17
ABCD,$220.4M,-1,Consumer Services,Publishing,2014-04-11,2.16,2.21,2.13,2.13,6500,2.13
ABCD,$220.4M,-1,Consumer Services,Publishing,2014-04-10,2.17,2.23,2.11,2.13,18500,2.13
ABCD,$220.4M,-1,Consumer Services,Publishing,2014-04-09,2.2,2.26,2.14,2.22,38900,2.22
ABCD,$220.4M,-1,Consumer Services,Publishing,2014-04-08,2.19,2.2,2.11,2.19,65200,2.19
ABCD,$220.4M,-1,Consumer Services,Publishing,2014-04-07,2.15,2.29,2.15,2.2,45600,2.2
ABCD,$220.4M,-1,Consumer Services,Publishing,2014-04-04,2.28,2.34,2.15,2.17,53600,2.17
ABCD,$220.4M,-1,Consumer Services,Publishing,2014-04-03,2.34,2.38,2.24,2.27,63200,2.27
ABCD,$220.4M,-1,Consumer Services,Publishing,2014-04-02,2.2,2.39,2.18,2.31,47000,2.31
ABCD,$220.4M,-1,Consumer Services,Publishing,2014-04-01,2.13,2.2,2.09,2.18,60200,2.18
ABCD,$220.4M,-1,Consumer Services,Publishing,2014-03-31,2.16,2.16,2.12,2.13,4800,2.13
ABCD,$220.4M,-1,Consumer Services,Publishing,2014-03-28,2.11,2.16,2.1,2.13,28700,2.13
ABCD,$220.4M,-1,Consumer Services,Publishing,2014-03-27,2.08,2.11,2.07,2.08,23300,2.08
ABCD,$220.4M,-1,Consumer Services,Publishing,2014-03-26,2.1,2.11,2.03,2.06,40900,2.06
ABCD,$220.4M,-1,Consumer Services,Publishing,2014-03-25,2.2,2.2,2.08,2.09,88500,2.09
ABCD,$220.4M,-1,Consumer Services,Publishing,2014-03-24,2.15,2.22,2.1,2.18,56900,2.18
ABCD,$220.4M,-1,Consumer Services,Publishing,2014-03-21,2.16,2.19,2.03,2.19,49500,2.19
ABCD,$220.4M,-1,Consumer Services,Publishing,2014-03-20,2.12,2.12,2,2.04,23000,2.04
ABCD,$220.4M,-1,Consumer Services,Publishing,2014-03-19,2.11,2.13,2.02,2.05,28300,2.05
ABCD,$220.4M,-1,Consumer Services,Publishing,2014-03-18,2.2,2.2,2.07,2.08,30400,2.08
ABCD,$220.4M,-1,Consumer Services,Publishing,2014-03-17,2.17,2.2,2.12,2.18,10400,2.18
ABCD,$220.4M,-1,Consumer Services,Publishing,2014-03-14,2.13,2.19,2.13,2.14,9600,2.14
ABCD,$220.4M,-1,Consumer Services,Publishing,2014-03-13,2.2,2.2,2.08,2.11,9200,2.11
ABCD,$220.4M,-1,Consumer Services,Publishing,2014-03-12,2.08,2.16,2.07,2.15,47300,2.15
ABCD,$220.4M,-1,Consumer Services,Publishing,2014-03-11,2.08,2.08,2,2.07,25700,2.07
ABCD,$220.4M,-1,Consumer Services,Publishing,2014-03-10,2.1,2.1,1.98,2.05,71500,2.05
ABCD,$220.4M,-1,Consumer Services,Publishing,2014-03-07,2,2.1,1.98,2.08,117500,2.08
ABCD,$220.4M,-1,Consumer Services,Publishing,2014-03-06,2.01,2.07,2,2.04,45000,2.04
ABCD,$220.4M,-1,Consumer Services,Publishing,2014-03-05,1.96,2.03,1.92,1.97,41800,1.97
ABCD,$220.4M,-1,Consumer Services,Publishing,2014-03-04,1.99,2.03,1.96,1.96,22300,1.96
ABCD,$220.4M,-1,Consumer Services,Publishing,2014-03-03,1.99,2.07,1.95,1.96,21900,1.96
ABCD,$220.4M,-1,Consumer Services,Publishing,2014-02-28,1.97,2.05,1.96,2,18900,2
ABCD,$220.4M,-1,Consumer Services,Publishing,2014-02-27,1.96,2,1.95,2,12500,2
ABCD,$220.4M,-1,Consumer Services,Publishing,2014-02-26,1.94,2,1.9,1.95,26400,1.95
ABCD,$220.4M,-1,Consumer Services,Publishing,2014-02-25,2,2,1.94,1.94,20700,1.94
ABCD,$220.4M,-1,Consumer Services,Publishing,2014-02-24,2,2,1.91,1.92,6100,1.92
ABCD,$220.4M,-1,Consumer Services,Publishing,2014-02-21,1.98,2,1.91,1.93,11100,1.93
ABCD,$220.4M,-1,Consumer Services,Publishing,2014-02-20,1.97,2,1.85,1.93,23400,1.93
ABCD,$220.4M,-1,Consumer Services,Publishing,2014-02-19,1.93,1.99,1.89,1.97,37000,1.97
ABCD,$220.4M,-1,Consumer Services,Publishing,2014-02-18,1.88,1.92,1.75,1.86,15800,1.86
ABCD,$220.4M,-1,Consumer Services,Publishing,2014-02-14,1.93,1.93,1.86,1.93,5900,1.93
ABCD,$220.4M,-1,Consumer Services,Publishing,2014-02-13,1.87,1.94,1.77,1.94,21300,1.94
ABCD,$220.4M,-1,Consumer Services,Publishing,2014-02-12,1.92,1.94,1.89,1.93,900,1.93
ABCD,$220.4M,-1,Consumer Services,Publishing,2014-02-11,1.88,1.98,1.87,1.95,24800,1.95
ABCD,$220.4M,-1,Consumer Services,Publishing,2014-02-10,1.78,1.91,1.77,1.91,37100,1.91
ABCD,$220.4M,-1,Consumer Services,Publishing,2014-02-07,1.79,1.8,1.73,1.79,9400,1.79
ABCD,$220.4M,-1,Consumer Services,Publishing,2014-02-06,1.79,1.79,1.61,1.78,33200,1.78
ABCD,$220.4M,-1,Consumer Services,Publishing,2014-02-05,1.7,1.8,1.59,1.75,60200,1.75
ABCD,$220.4M,-1,Consumer Services,Publishing,2014-02-04,1.77,1.86,1.73,1.73,32500,1.73
ABCD,$220.4M,-1,Consumer Services,Publishing,2014-02-03,1.76,2.05,1.76,1.81,6900,1.81
ABCD,$220.4M,-1,Consumer Services,Publishing,2014-01-31,1.79,2.09,1.75,1.9,9800,1.9
ABCD,$220.4M,-1,Consumer Services,Publishing,2014-01-30,2.01,2.01,1.81,1.81,9600,1.81
ABCD,$220.4M,-1,Consumer Services,Publishing,2014-01-29,1.98,2.06,1.8,1.88,20200,1.88
ABCD,$220.4M,-1,Consumer Services,Publishing,2014-01-28,2.02,2.05,1.84,1.95,54600,1.95
ABCD,$220.4M,-1,Consumer Services,Publishing,2014-01-27,2.04,2.09,1.88,1.92,19800,1.92
ABCD,$220.4M,-1,Consumer Services,Publishing,2014-01-24,2.07,2.07,2.01,2.06,4400,2.06
ABCD,$220.4M,-1,Consumer Services,Publishing,2014-01-23,2.12,2.12,1.93,1.93,6700,1.93
ABCD,$220.4M,-1,Consumer Services,Publishing,2014-01-22,2,2.15,1.92,2,22400,2
ABCD,$220.4M,-1,Consumer Services,Publishing,2014-01-21,2.01,2.15,1.93,1.98,18200,1.98
ABCD,$220.4M,-1,Consumer Services,Publishing,2014-01-17,2.08,2.1,2.03,2.03,13800,2.03
ABCD,$220.4M,-1,Consumer Services,Publishing,2014-01-16,1.97,2.21,1.97,2.02,15100,2.02
ABCD,$220.4M,-1,Consumer Services,Publishing,2014-01-15,2.04,2.26,2.04,2.08,21400,2.08
ABCD,$220.4M,-1,Consumer Services,Publishing,2014-01-14,2.27,2.28,1.98,2.09,107600,2.09
ABCD,$220.4M,-1,Consumer Services,Publishing,2014-01-13,2.3,2.54,2.14,2.3,35300,2.3
ABCD,$220.4M,-1,Consumer Services,Publishing,2014-01-10,2.31,2.31,2.14,2.24,90400,2.24
ABCD,$220.4M,-1,Consumer Services,Publishing,2014-01-09,2.17,2.32,2.1,2.14,104400,2.14
ABCD,$220.4M,-1,Consumer Services,Publishing,2014-01-08,1.89,2.29,1.89,2.15,245800,2.15
ABCD,$220.4M,-1,Consumer Services,Publishing,2014-01-07,1.95,1.95,1.85,1.88,24800,1.88
ABCD,$220.4M,-1,Consumer Services,Publishing,2014-01-06,1.8,1.93,1.72,1.9,57200,1.9
ABCD,$220.4M,-1,Consumer Services,Publishing,2014-01-03,1.75,1.83,1.74,1.78,32000,1.78
ABCD,$220.4M,-1,Consumer Services,Publishing,2014-01-02,1.7,1.76,1.7,1.74,13400,1.74
ABCD,$220.4M,-1,Consumer Services,Publishing,2013-12-31,1.69,1.74,1.66,1.66,26600,1.66
ABCD,$220.4M,-1,Consumer Services,Publishing,2013-12-30,1.72,1.8,1.7,1.71,22800,1.71
ABCD,$220.4M,-1,Consumer Services,Publishing,2013-12-27,1.61,1.82,1.61,1.77,43000,1.77
ABCD,$220.4M,-1,Consumer Services,Publishing,2013-12-26,1.63,1.64,1.63,1.63,3600,1.63
ABCD,$220.4M,-1,Consumer Services,Publishing,2013-12-24,1.64,1.68,1.64,1.68,700,1.68
ABCD,$220.4M,-1,Consumer Services,Publishing,2013-12-23,1.7,1.8,1.6,1.63,22000,1.63
ABCD,$220.4M,-1,Consumer Services,Publishing,2013-12-20,1.77,1.78,1.66,1.66,6900,1.66
ABCD,$220.4M,-1,Consumer Services,Publishing,2013-12-19,1.74,1.75,1.71,1.75,2000,1.75
ABCD,$220.4M,-1,Consumer Services,Publishing,2013-12-18,1.71,1.77,1.61,1.71,3300,1.71
ABCD,$220.4M,-1,Consumer Services,Publishing,2013-12-17,1.73,1.78,1.7,1.76,34000,1.76
ABCD,$220.4M,-1,Consumer Services,Publishing,2013-12-16,1.72,1.73,1.66,1.73,18600,1.73
ABCD,$220.4M,-1,Consumer Services,Publishing,2013-12-13,1.54,1.75,1.54,1.72,85800,1.72
ABCD,$220.4M,-1,Consumer Services,Publishing,2013-12-12,1.55,1.55,1.52,1.54,10100,1.54
ABCD,$220.4M,-1,Consumer Services,Publishing,2013-12-11,1.51,1.56,1.5,1.55,22200,1.55
ABCD,$220.4M,-1,Consumer Services,Publishing,2013-12-10,1.55,1.57,1.55,1.55,5100,1.55
ABCD,$220.4M,-1,Consumer Services,Publishing,2013-12-09,1.5,1.57,1.5,1.55,13900,1.55
ABCD,$220.4M,-1,Consumer Services,Publishing,2013-12-06,1.51,1.55,1.5,1.5,5200,1.5
ABCD,$220.4M,-1,Consumer Services,Publishing,2013-12-05,1.49,1.56,1.49,1.5,46400,1.5
ABCD,$220.4M,-1,Consumer Services,Publishing,2013-12-04,1.49,1.5,1.42,1.47,5500,1.47
ABCD,$220.4M,-1,Consumer Services,Publishing,2013-12-03,1.45,1.56,1.45,1.47,19000,1.47
ABCD,$220.4M,-1,Consumer Services,Publishing,2013-12-02,1.5,1.55,1.41,1.41,6700,1.41
ABCD,$220.4M,-1,Consumer Services,Publishing,2013-11-29,1.56,1.56,1.51,1.53,6000,1.53
ABCD,$220.4M,-1,Consumer Services,Publishing,2013-11-27,1.55,1.59,1.52,1.56,22800,1.56
ABCD,$220.4M,-1,Consumer Services,Publishing,2013-11-26,1.56,1.57,1.5,1.57,46900,1.57
ABCD,$220.4M,-1,Consumer Services,Publishing,2013-11-25,1.43,1.6,1.43,1.59,66500,1.59
ABCD,$220.4M,-1,Consumer Services,Publishing,2013-11-22,1.51,1.54,1.4,1.45,44700,1.45
ABCD,$220.4M,-1,Consumer Services,Publishing,2013-11-21,1.43,1.53,1.43,1.53,38800,1.53
ABCD,$220.4M,-1,Consumer Services,Publishing,2013-11-20,1.45,1.45,1.4,1.44,36400,1.44
ABCD,$220.4M,-1,Consumer Services,Publishing,2013-11-19,1.52,1.52,1.43,1.47,28900,1.47
ABCD,$220.4M,-1,Consumer Services,Publishing,2013-11-18,1.42,1.5,1.39,1.43,83600,1.43
ABCD,$220.4M,-1,Consumer Services,Publishing,2013-11-15,1.35,1.45,1.33,1.44,55800,1.44
ABCD,$220.4M,-1,Consumer Services,Publishing,2013-11-14,1.34,1.4,1.33,1.33,12800,1.33
ABCD,$220.4M,-1,Consumer Services,Publishing,2013-11-13,1.32,1.45,1.32,1.34,14600,1.34
ABCD,$220.4M,-1,Consumer Services,Publishing,2013-11-12,1.34,1.35,1.32,1.32,14400,1.32
ABCD,$220.4M,-1,Consumer Services,Publishing,2013-11-11,1.43,1.43,1.31,1.34,17000,1.34
ABCD,$220.4M,-1,Consumer Services,Publishing,2013-11-08,1.33,1.42,1.33,1.4,58800,1.4
ABCD,$220.4M,-1,Consumer Services,Publishing,2013-11-07,1.31,1.36,1.25,1.25,12000,1.25
ABCD,$220.4M,-1,Consumer Services,Publishing,2013-11-06,1.31,1.35,1.31,1.31,800,1.31
ABCD,$220.4M,-1,Consumer Services,Publishing,2013-11-05,1.35,1.36,1.32,1.32,14700,1.32
ABCD,$220.4M,-1,Consumer Services,Publishing,2013-11-04,1.34,1.38,1.32,1.33,4500,1.33
ABCD,$220.4M,-1,Consumer Services,Publishing,2013-11-01,1.45,1.45,1.32,1.32,7200,1.32
ABCD,$220.4M,-1,Consumer Services,Publishing,2013-10-31,1.38,1.46,1.29,1.43,44300,1.43
ABCD,$220.4M,-1,Consumer Services,Publishing,2013-10-30,1.31,1.37,1.28,1.37,18900,1.37
ABCD,$220.4M,-1,Consumer Services,Publishing,2013-10-29,1.34,1.36,1.32,1.32,17300,1.32
ABCD,$220.4M,-1,Consumer Services,Publishing,2013-10-28,1.33,1.36,1.31,1.33,21800,1.33
ABCD,$220.4M,-1,Consumer Services,Publishing,2013-10-25,1.31,1.34,1.31,1.32,8900,1.32
ABCD,$220.4M,-1,Consumer Services,Publishing,2013-10-24,1.28,1.33,1.28,1.31,15500,1.31
ABCD,$220.4M,-1,Consumer Services,Publishing,2013-10-23,1.32,1.35,1.31,1.34,23500,1.34
ABCD,$220.4M,-1,Consumer Services,Publishing,2013-10-22,1.35,1.37,1.34,1.34,15600,1.34
ABCD,$220.4M,-1,Consumer Services,Publishing,2013-10-21,1.35,1.37,1.32,1.35,47800,1.35
ABCD,$220.4M,-1,Consumer Services,Publishing,2013-10-18,1.31,1.36,1.25,1.32,36700,1.32
ABCD,$220.4M,-1,Consumer Services,Publishing,2013-10-17,1.39,1.39,1.25,1.34,35300,1.34
ABCD,$220.4M,-1,Consumer Services,Publishing,2013-10-16,1.34,1.38,1.34,1.36,25400,1.36
ABCD,$220.4M,-1,Consumer Services,Publishing,2013-10-15,1.43,1.43,1.35,1.35,23000,1.35
ABCD,$220.4M,-1,Consumer Services,Publishing,2013-10-14,1.42,1.46,1.38,1.4,8300,1.4
ABCD,$220.4M,-1,Consumer Services,Publishing,2013-10-11,1.34,1.45,1.32,1.45,26800,1.45
ABCD,$220.4M,-1,Consumer Services,Publishing,2013-10-10,1.38,1.38,1.33,1.38,12300,1.38
ABCD,$220.4M,-1,Consumer Services,Publishing,2013-10-09,1.4,1.46,1.34,1.34,1800,1.34
ABCD,$220.4M,-1,Consumer Services,Publishing,2013-10-08,1.4,1.45,1.35,1.38,39000,1.38
ABCD,$220.4M,-1,Consumer Services,Publishing,2013-10-07,1.42,1.49,1.38,1.44,6300,1.44
ABCD,$220.4M,-1,Consumer Services,Publishing,2013-10-04,1.47,1.49,1.38,1.43,20300,1.43
ABCD,$220.4M,-1,Consumer Services,Publishing,2013-10-03,1.39,1.5,1.39,1.5,29900,1.5
ABCD,$220.4M,-1,Consumer Services,Publishing,2013-10-02,1.4,1.49,1.4,1.42,16300,1.42
ABCD,$220.4M,-1,Consumer Services,Publishing,2013-10-01,1.51,1.54,1.37,1.38,31700,1.38
ABCD,$220.4M,-1,Consumer Services,Publishing,2013-09-30,1.56,1.62,1.48,1.54,17100,1.54
ABCD,$220.4M,-1,Consumer Services,Publishing,2013-09-27,1.55,1.61,1.5,1.59,3900,1.59
ABCD,$220.4M,-1,Consumer Services,Publishing,2013-09-26,1.62,1.62,1.51,1.56,13400,1.56
ABCD,$220.4M,-1,Consumer Services,Publishing,2013-09-25,1.51,1.6,1.51,1.59,102300,1.59
ABCD,$220.4M,-1,Consumer Services,Publishing,2013-09-24,1.57,1.63,1.51,1.6,9700,1.6
ABCD,$220.4M,-1,Consumer Services,Publishing,2013-09-23,1.62,1.62,1.56,1.59,11900,1.59
ABCD,$220.4M,-1,Consumer Services,Publishing,2013-09-20,1.66,1.66,1.6,1.62,12100,1.62
ABCD,$220.4M,-1,Consumer Services,Publishing,2013-09-19,1.49,1.52,1.48,1.51,85000,1.51
ABCD,$220.4M,-1,Consumer Services,Publishing,2013-09-18,1.5,1.65,1.49,1.5,2700,1.5
ABCD,$220.4M,-1,Consumer Services,Publishing,2013-09-17,1.57,1.64,1.49,1.49,2600,1.49
ABCD,$220.4M,-1,Consumer Services,Publishing,2013-09-16,1.74,1.74,1.51,1.53,4900,1.53
ABCD,$220.4M,-1,Consumer Services,Publishing,2013-09-13,1.47,1.72,1.46,1.72,4400,1.72
ABCD,$220.4M,-1,Consumer Services,Publishing,2013-09-12,1.6,1.6,1.46,1.46,2500,1.46
ABCD,$220.4M,-1,Consumer Services,Publishing,2013-09-11,1.61,1.61,1.46,1.46,1400,1.46
ABCD,$220.4M,-1,Consumer Services,Publishing,2013-09-10,1.51,1.58,1.45,1.58,6400,1.58
ABCD,$220.4M,-1,Consumer Services,Publishing,2013-09-09,1.6,1.6,1.44,1.56,18200,1.56
ABCD,$220.4M,-1,Consumer Services,Publishing,2013-09-06,1.4,1.65,1.4,1.65,27700,1.65
ABCD,$220.4M,-1,Consumer Services,Publishing,2013-09-05,1.52,1.59,1.48,1.5,3700,1.5
ABCD,$220.4M,-1,Consumer Services,Publishing,2013-09-04,1.61,1.61,1.53,1.56,22900,1.56
ABCD,$220.4M,-1,Consumer Services,Publishing,2013-09-03,1.67,1.75,1.64,1.65,15700,1.65
ABCD,$220.4M,-1,Consumer Services,Publishing,2013-08-30,1.83,1.83,1.5,1.69,38000,1.69
ABCD,$220.4M,-1,Consumer Services,Publishing,2013-08-29,1.74,1.74,1.74,1.74,200,1.74
ABCD,$220.4M,-1,Consumer Services,Publishing,2013-08-28,1.75,1.85,1.71,1.73,74800,1.73
ABCD,$220.4M,-1,Consumer Services,Publishing,2013-08-27,1.65,1.75,1.61,1.75,42800,1.75
ABCD,$220.4M,-1,Consumer Services,Publishing,2013-08-26,1.54,1.6,1.52,1.57,81400,1.57
ABCD,$220.4M,-1,Consumer Services,Publishing,2013-08-23,1.41,1.59,1.35,1.54,125900,1.54
ABCD,$220.4M,-1,Consumer Services,Publishing,2013-08-22,1.41,1.45,1.36,1.45,1688300,1.45
ABCD,$220.4M,-1,Consumer Services,Publishing,2013-08-21,1.45,1.45,1.45,1.45,0,1.45
ABCD,$220.4M,-1,Consumer Services,Publishing,2013-08-20,1.48,1.48,1.43,1.45,5900,1.45
ABCD,$220.4M,-1,Consumer Services,Publishing,2013-08-19,1.44,1.46,1.25,1.36,25600,1.36
ABCD,$220.4M,-1,Consumer Services,Publishing,2013-08-16,1.49,1.54,1.43,1.48,20000,1.48
ABCD,$220.4M,-1,Consumer Services,Publishing,2013-08-15,1.16,1.65,1.16,1.41,15000,1.41
ABCD,$220.4M,-1,Consumer Services,Publishing,2013-08-14,1.25,1.25,1.23,1.23,300,1.23
ABCD,$220.4M,-1,Consumer Services,Publishing,2013-08-13,1.2,1.22,1.19,1.22,6700,1.22
ABCD,$220.4M,-1,Consumer Services,Publishing,2013-08-12,1.18,1.22,1.16,1.22,42400,1.22
ABCD,$220.4M,-1,Consumer Services,Publishing,2013-08-09,1.22,1.26,1.17,1.17,24000,1.17
ABCD,$220.4M,-1,Consumer Services,Publishing,2013-08-08,1.28,1.28,1.23,1.23,7200,1.23
ABCD,$220.4M,-1,Consumer Services,Publishing,2013-08-07,1.27,1.27,1.27,1.27,100,1.27
ABCD,$220.4M,-1,Consumer Services,Publishing,2013-08-06,1.28,1.28,1.27,1.27,500,1.27
ABCD,$220.4M,-1,Consumer Services,Publishing,2013-08-05,1.34,1.34,1.26,1.28,2900,1.28
ABCD,$220.4M,-1,Consumer Services,Publishing,2013-08-02,1.4,1.4,1.26,1.39,2000,1.39
ABCD,$220.4M,-1,Consumer Services,Publishing,2013-08-01,1.36,1.4,1.36,1.4,28100,1.4
ABCD,$220.4M,-1,Consumer Services,Publishing,2013-07-31,1.3,1.3,1.3,1.3,0,1.3
ABCD,$220.4M,-1,Consumer Services,Publishing,2013-07-30,1.26,1.3,1.24,1.3,1000,1.3
ABCD,$220.4M,-1,Consumer Services,Publishing,2013-07-29,1.32,1.32,1.3,1.3,3600,1.3
ABCD,$220.4M,-1,Consumer Services,Publishing,2013-07-26,1.29,1.31,1.29,1.31,1400,1.31
ABCD,$220.4M,-1,Consumer Services,Publishing,2013-07-25,1.31,1.31,1.31,1.31,0,1.31
ABCD,$220.4M,-1,Consumer Services,Publishing,2013-07-24,1.37,1.37,1.31,1.31,900,1.31
ABCD,$220.4M,-1,Consumer Services,Publishing,2013-07-23,1.37,1.37,1.37,1.37,0,1.37
ABCD,$220.4M,-1,Consumer Services,Publishing,2013-07-22,1.37,1.37,1.37,1.37,0,1.37
ABCD,$220.4M,-1,Consumer Services,Publishing,2013-07-19,1.32,1.38,1.24,1.37,12100,1.37
ABCD,$220.4M,-1,Consumer Services,Publishing,2013-07-18,1.31,1.34,1.23,1.33,18600,1.33
ABCD,$220.4M,-1,Consumer Services,Publishing,2013-07-17,1.26,1.37,1.26,1.37,7100,1.37
ABCD,$220.4M,-1,Consumer Services,Publishing,2013-07-16,1.26,1.26,1.23,1.23,4400,1.23
ABCD,$220.4M,-1,Consumer Services,Publishing,2013-07-15,1.3,1.3,1.22,1.23,8400,1.23
ABCD,$220.4M,-1,Consumer Services,Publishing,2013-07-12,1.22,1.31,1.22,1.3,11600,1.3
ABCD,$220.4M,-1,Consumer Services,Publishing,2013-07-11,1.32,1.35,1.21,1.22,12400,1.22
ABCD,$220.4M,-1,Consumer Services,Publishing,2013-07-10,1.29,1.36,1.29,1.32,7500,1.32
ABCD,$220.4M,-1,Consumer Services,Publishing,2013-07-09,1.33,1.33,1.33,1.33,1000,1.33
ABCD,$220.4M,-1,Consumer Services,Publishing,2013-07-08,1.29,1.34,1.29,1.32,4900,1.32
ABCD,$220.4M,-1,Consumer Services,Publishing,2013-07-05,1.24,1.29,1.24,1.29,300,1.29
ABCD,$220.4M,-1,Consumer Services,Publishing,2013-07-03,1.21,1.21,1.21,1.21,200,1.21
ABCD,$220.4M,-1,Consumer Services,Publishing,2013-07-02,1.25,1.28,1.25,1.27,2300,1.27
ABCD,$220.4M,-1,Consumer Services,Publishing,2013-07-01,1.22,1.24,1.21,1.24,1700,1.24
ABCD,$220.4M,-1,Consumer Services,Publishing,2013-06-28,1.22,1.26,1.22,1.26,600,1.26
ABCD,$220.4M,-1,Consumer Services,Publishing,2013-06-27,1.38,1.38,1.29,1.35,5300,1.35
ABCD,$220.4M,-1,Consumer Services,Publishing,2013-06-26,1.28,1.34,1.28,1.34,1200,1.34
ABCD,$220.4M,-1,Consumer Services,Publishing,2013-06-25,1.3,1.3,1.2,1.2,28600,1.2
ABCD,$220.4M,-1,Consumer Services,Publishing,2013-06-24,1.29,1.3,1.28,1.28,6000,1.28
ABCD,$220.4M,-1,Consumer Services,Publishing,2013-06-21,1.39,1.39,1.39,1.39,4900,1.39
ABCD,$220.4M,-1,Consumer Services,Publishing,2013-06-20,1.28,1.38,1.28,1.28,7100,1.28
ABCD,$220.4M,-1,Consumer Services,Publishing,2013-06-19,1.28,1.28,1.28,1.28,900,1.28
ABCD,$220.4M,-1,Consumer Services,Publishing,2013-06-18,1.28,1.33,1.28,1.28,2200,1.28
ABCD,$220.4M,-1,Consumer Services,Publishing,2013-06-17,1.32,1.34,1.32,1.34,500,1.34
ABCD,$220.4M,-1,Consumer Services,Publishing,2013-06-14,1.48,1.48,1.33,1.47,600,1.47
ABCD,$220.4M,-1,Consumer Services,Publishing,2013-06-13,1.38,1.48,1.34,1.44,20900,1.44
ABCD,$220.4M,-1,Consumer Services,Publishing,2013-06-12,1.28,1.47,1.28,1.3,800,1.3
ABCD,$220.4M,-1,Consumer Services,Publishing,2013-06-11,1.29,1.29,1.29,1.29,100,1.29
ABCD,$220.4M,-1,Consumer Services,Publishing,2013-06-10,1.33,1.44,1.28,1.28,800,1.28
ABCD,$220.4M,-1,Consumer Services,Publishing,2013-06-07,1.37,1.39,1.28,1.29,1500,1.29
ABCD,$220.4M,-1,Consumer Services,Publishing,2013-06-06,1.4,1.4,1.4,1.4,0,1.4
ABCD,$220.4M,-1,Consumer Services,Publishing,2013-06-05,1.4,1.4,1.4,1.4,0,1.4
ABCD,$220.4M,-1,Consumer Services,Publishing,2013-06-04,1.4,1.45,1.29,1.4,24200,1.4
ABCD,$220.4M,-1,Consumer Services,Publishing,2013-06-03,1.4,1.44,1.4,1.44,3100,1.44
ABCD,$220.4M,-1,Consumer Services,Publishing,2013-05-31,1.49,1.49,1.42,1.42,7600,1.42
ABCD,$220.4M,-1,Consumer Services,Publishing,2013-05-30,1.4,1.49,1.4,1.46,5000,1.46
ABCD,$220.4M,-1,Consumer Services,Publishing,2013-05-29,1.4,1.5,1.4,1.4,37200,1.4
ABCD,$220.4M,-1,Consumer Services,Publishing,2013-05-28,1.38,1.4,1.38,1.38,22500,1.38
ABCD,$220.4M,-1,Consumer Services,Publishing,2013-05-24,1.28,1.36,1.28,1.32,40500,1.32
ABCD,$220.4M,-1,Consumer Services,Publishing,2013-05-23,1.2,1.35,1.19,1.34,114500,1.34
ABCD,$220.4M,-1,Consumer Services,Publishing,2013-05-22,1.17,1.23,1.17,1.22,23100,1.22
ABCD,$220.4M,-1,Consumer Services,Publishing,2013-05-21,1.17,1.2,1.15,1.2,3800,1.2
ABCD,$220.4M,-1,Consumer Services,Publishing,2013-05-20,1.18,1.18,1.15,1.15,2300,1.15
ABCD,$220.4M,-1,Consumer Services,Publishing,2013-05-17,1.15,1.18,1.15,1.18,4400,1.18
ABCD,$220.4M,-1,Consumer Services,Publishing,2013-05-16,1.17,1.18,1.15,1.18,1800,1.18
ABCD,$220.4M,-1,Consumer Services,Publishing,2013-05-15,1.14,1.18,1.13,1.18,39700,1.18
ABCD,$220.4M,-1,Consumer Services,Publishing,2013-05-14,1.18,1.3,1.07,1.1,19600,1.1
ABCD,$220.4M,-1,Consumer Services,Publishing,2013-05-13,1.15,1.22,1.15,1.22,6600,1.22
ABCD,$220.4M,-1,Consumer Services,Publishing,2013-05-10,1,1.21,1,1.18,102100,1.18
ABCD,$220.4M,-1,Consumer Services,Publishing,2013-05-09,0.95,1.01,0.95,1.01,19000,1.01
ABCD,$220.4M,-1,Consumer Services,Publishing,2013-05-08,0.97,1.03,0.95,0.95,23300,0.95
ABCD,$220.4M,-1,Consumer Services,Publishing,2013-05-07,0.95,0.98,0.95,0.97,700,0.97
ABCD,$220.4M,-1,Consumer Services,Publishing,2013-05-06,0.95,0.98,0.95,0.98,500,0.98
ABCD,$220.4M,-1,Consumer Services,Publishing,2013-05-03,0.95,0.95,0.95,0.95,24300,0.95
ABCD,$220.4M,-1,Consumer Services,Publishing,2013-05-02,0.97,0.97,0.97,0.97,23900,0.97
ABCD,$220.4M,-1,Consumer Services,Publishing,2013-05-01,0.97,0.97,0.97,0.97,2300,0.97
ABCD,$220.4M,-1,Consumer Services,Publishing,2013-04-30,0.97,0.97,0.97,0.97,0,0.97
ABCD,$220.4M,-1,Consumer Services,Publishing,2013-04-29,0.95,0.98,0.95,0.97,8400,0.97
ABCD,$220.4M,-1,Consumer Services,Publishing,2013-04-26,0.94,0.98,0.93,0.98,56200,0.98
ABCD,$220.4M,-1,Consumer Services,Publishing,2013-04-25,0.98,0.98,0.93,0.93,17500,0.93
ABCD,$220.4M,-1,Consumer Services,Publishing,2013-04-24,0.95,0.98,0.95,0.98,47100,0.98
ABCD,$220.4M,-1,Consumer Services,Publishing,2013-04-23,0.96,0.96,0.95,0.95,4100,0.95
ABCD,$220.4M,-1,Consumer Services,Publishing,2013-04-22,0.95,0.97,0.95,0.96,55000,0.96
ABCD,$220.4M,-1,Consumer Services,Publishing,2013-04-19,0.97,0.99,0.97,0.98,12600,0.98
ABCD,$220.4M,-1,Consumer Services,Publishing,2013-04-18,0.96,1.01,0.95,0.96,67300,0.96
ABCD,$220.4M,-1,Consumer Services,Publishing,2013-04-17,1,1,0.95,0.95,20500,0.95
ABCD,$220.4M,-1,Consumer Services,Publishing,2013-04-16,0.99,1.02,0.99,1.02,13700,1.02
ABCD,$220.4M,-1,Consumer Services,Publishing,2013-04-15,1,1,0.99,0.99,5200,0.99
ABCD,$220.4M,-1,Consumer Services,Publishing,2013-04-12,1.04,1.04,1.04,1.04,0,1.04
ABCD,$220.4M,-1,Consumer Services,Publishing,2013-04-11,0.97,1.05,0.96,1.04,3900,1.04
ABCD,$220.4M,-1,Consumer Services,Publishing,2013-04-10,1,1,1,1,13200,1
ABCD,$220.4M,-1,Consumer Services,Publishing,2013-04-09,1.03,1.03,1.02,1.02,700,1.02
ABCD,$220.4M,-1,Consumer Services,Publishing,2013-04-08,1.04,1.07,1.02,1.03,4400,1.03
ABCD,$220.4M,-1,Consumer Services,Publishing,2013-04-05,1.07,1.07,1.07,1.07,0,1.07
ABCD,$220.4M,-1,Consumer Services,Publishing,2013-04-04,1.04,1.07,1,1.07,5000,1.07
ABCD,$220.4M,-1,Consumer Services,Publishing,2013-04-03,0.99,1.04,0.99,1.02,12000,1.02
ABCD,$220.4M,-1,Consumer Services,Publishing,2013-04-02,1.02,1.02,1.02,1.02,0,1.02
ABCD,$220.4M,-1,Consumer Services,Publishing,2013-04-01,1.06,1.06,1.02,1.02,3900,1.02
ABCD,$220.4M,-1,Consumer Services,Publishing,2013-03-28,1.05,1.07,1.02,1.03,36600,1.03
ABCD,$220.4M,-1,Consumer Services,Publishing,2013-03-27,1.03,1.03,1.02,1.02,1200,1.02
ABCD,$220.4M,-1,Consumer Services,Publishing,2013-03-26,1.03,1.08,0.93,1.04,16000,1.04
ABCD,$220.4M,-1,Consumer Services,Publishing,2013-03-25,1.01,1.04,1.01,1.03,30500,1.03
ABCD,$220.4M,-1,Consumer Services,Publishing,2013-03-22,1.02,1.1,1,1.01,26600,1.01
ABCD,$220.4M,-1,Consumer Services,Publishing,2013-03-21,0.99,1.02,0.99,1.01,25000,1.01
ABCD,$220.4M,-1,Consumer Services,Publishing,2013-03-20,1.13,1.13,0.99,1,116700,1
ABCD,$220.4M,-1,Consumer Services,Publishing,2013-03-19,1.08,1.12,1.08,1.12,1200,1.12
ABCD,$220.4M,-1,Consumer Services,Publishing,2013-03-18,1.05,1.1,1.05,1.1,11800,1.1
ABCD,$220.4M,-1,Consumer Services,Publishing,2013-03-15,1.11,1.11,1.05,1.07,21600,1.07
ABCD,$220.4M,-1,Consumer Services,Publishing,2013-03-14,1.13,1.16,1.13,1.16,5500,1.16
ABCD,$220.4M,-1,Consumer Services,Publishing,2013-03-13,1.16,1.17,1.13,1.17,1500,1.17
ABCD,$220.4M,-1,Consumer Services,Publishing,2013-03-12,1.1,1.13,1.05,1.12,14800,1.12
ABCD,$220.4M,-1,Consumer Services,Publishing,2013-03-11,1.14,1.14,1.1,1.11,5400,1.11
ABCD,$220.4M,-1,Consumer Services,Publishing,2013-03-08,1.2,1.22,1.15,1.17,3600,1.17
ABCD,$220.4M,-1,Consumer Services,Publishing,2013-03-07,1.17,1.22,1.13,1.19,18600,1.19
ABCD,$220.4M,-1,Consumer Services,Publishing,2013-03-06,1.15,1.21,1.15,1.21,25900,1.21
ABCD,$220.4M,-1,Consumer Services,Publishing,2013-03-05,1.15,1.24,1.12,1.12,12100,1.12
ABCD,$220.4M,-1,Consumer Services,Publishing,2013-03-04,1.22,1.22,1.11,1.12,26200,1.12
ABCD,$220.4M,-1,Consumer Services,Publishing,2013-03-01,1.23,1.23,1.21,1.21,7900,1.21
ABCD,$220.4M,-1,Consumer Services,Publishing,2013-02-28,1.23,1.33,1.23,1.23,13800,1.23
ABCD,$220.4M,-1,Consumer Services,Publishing,2013-02-27,1.26,1.26,1.26,1.26,100,1.26
ABCD,$220.4M,-1,Consumer Services,Publishing,2013-02-26,1.26,1.3,1.23,1.29,17200,1.29
ABCD,$220.4M,-1,Consumer Services,Publishing,2013-02-25,1.24,1.3,1.22,1.3,4300,1.3
ABCD,$220.4M,-1,Consumer Services,Publishing,2013-02-22,1.2,1.24,1.2,1.24,8900,1.24
ABCD,$220.4M,-1,Consumer Services,Publishing,2013-02-21,1.23,1.25,1.2,1.2,17500,1.2
ABCD,$220.4M,-1,Consumer Services,Publishing,2013-02-20,1.28,1.29,1.23,1.23,5600,1.23
ABCD,$220.4M,-1,Consumer Services,Publishing,2013-02-19,1.29,1.31,1.23,1.24,19400,1.24
ABCD,$220.4M,-1,Consumer Services,Publishing,2013-02-15,1.35,1.35,1.27,1.34,6000,1.34
ABCD,$220.4M,-1,Consumer Services,Publishing,2013-02-14,1.32,1.4,1.22,1.22,16500,1.22
ABCD,$220.4M,-1,Consumer Services,Publishing,2013-02-13,1.32,1.32,1.2,1.2,7300,1.2
ABCD,$220.4M,-1,Consumer Services,Publishing,2013-02-12,1.31,1.32,1.31,1.32,200,1.32
ABCD,$220.4M,-1,Consumer Services,Publishing,2013-02-11,1.32,1.32,1.3,1.32,12500,1.32
ABCD,$220.4M,-1,Consumer Services,Publishing,2013-02-08,1.26,1.27,1.25,1.27,17900,1.27
ABCD,$220.4M,-1,Consumer Services,Publishing,2013-02-07,1.26,1.26,1.26,1.26,100,1.26
ABCD,$220.4M,-1,Consumer Services,Publishing,2013-02-06,1.26,1.33,1.26,1.31,3700,1.31
ABCD,$220.4M,-1,Consumer Services,Publishing,2013-02-05,1.3,1.3,1.24,1.28,3800,1.28
ABCD,$220.4M,-1,Consumer Services,Publishing,2013-02-04,1.4,1.4,1.26,1.26,10800,1.26
ABCD,$220.4M,-1,Consumer Services,Publishing,2013-02-01,1.3,1.38,1.3,1.35,5900,1.35
ABCD,$220.4M,-1,Consumer Services,Publishing,2013-01-31,1.28,1.39,1.28,1.32,8500,1.32
ABCD,$220.4M,-1,Consumer Services,Publishing,2013-01-30,1.26,1.38,1.26,1.32,11200,1.32
ABCD,$220.4M,-1,Consumer Services,Publishing,2013-01-29,1.32,1.36,1.23,1.3,9400,1.3
ABCD,$220.4M,-1,Consumer Services,Publishing,2013-01-28,1.2,1.32,1.2,1.32,14700,1.32
ABCD,$220.4M,-1,Consumer Services,Publishing,2013-01-25,1.26,1.28,1.21,1.22,28400,1.22
ABCD,$220.4M,-1,Consumer Services,Publishing,2013-01-24,1.27,1.29,1.24,1.26,29600,1.26
ABCD,$220.4M,-1,Consumer Services,Publishing,2013-01-23,1.38,1.38,1.24,1.25,20700,1.25
ABCD,$220.4M,-1,Consumer Services,Publishing,2013-01-22,1.3,1.4,1.23,1.31,39100,1.31
ABCD,$220.4M,-1,Consumer Services,Publishing,2013-01-18,1.21,1.28,1.21,1.27,20900,1.27
ABCD,$220.4M,-1,Consumer Services,Publishing,2013-01-17,1.2,1.25,1.2,1.21,15800,1.21
ABCD,$220.4M,-1,Consumer Services,Publishing,2013-01-16,1.2,1.27,1.2,1.2,9400,1.2
ABCD,$220.4M,-1,Consumer Services,Publishing,2013-01-15,1.13,1.18,1.13,1.18,10900,1.18
ABCD,$220.4M,-1,Consumer Services,Publishing,2013-01-14,1.16,1.2,1.11,1.19,19300,1.19
ABCD,$220.4M,-1,Consumer Services,Publishing,2013-01-11,1.16,1.24,1.16,1.17,18300,1.17
ABCD,$220.4M,-1,Consumer Services,Publishing,2013-01-10,1.24,1.25,1.16,1.17,30700,1.17
ABCD,$220.4M,-1,Consumer Services,Publishing,2013-01-09,1.2,1.24,1.2,1.24,18300,1.24
ABCD,$220.4M,-1,Consumer Services,Publishing,2013-01-08,1.19,1.24,1.18,1.2,50100,1.2
ABCD,$220.4M,-1,Consumer Services,Publishing,2013-01-07,1.22,1.24,1.19,1.19,57600,1.19
ABCD,$220.4M,-1,Consumer Services,Publishing,2013-01-04,1.23,1.23,1.22,1.22,22300,1.22
ABCD,$220.4M,-1,Consumer Services,Publishing,2013-01-03,1.19,1.25,1.19,1.2,19200,1.2
ABCD,$220.4M,-1,Consumer Services,Publishing,2013-01-02,1.11,1.22,1.11,1.19,35700,1.19
ABCD,$220.4M,-1,Consumer Services,Publishing,2012-12-31,1,1.19,0.9,1.11,62700,1.11
ABCD,$220.4M,-1,Consumer Services,Publishing,2012-12-28,1.22,1.35,1.18,1.23,35900,1.23
ABCD,$220.4M,-1,Consumer Services,Publishing,2012-12-27,1.4,1.4,1.22,1.22,15200,1.22
ABCD,$220.4M,-1,Consumer Services,Publishing,2012-12-26,1.35,1.35,1.18,1.35,15300,1.35
ABCD,$220.4M,-1,Consumer Services,Publishing,2012-12-24,1.4,1.5,1.27,1.27,44600,1.27
ABCD,$220.4M,-1,Consumer Services,Publishing,2012-12-21,1.1,1.4,1.1,1.4,63900,1.4
ABCD,$220.4M,-1,Consumer Services,Publishing,2012-12-20,1.1,1.19,1.06,1.11,22700,1.11
ABCD,$220.4M,-1,Consumer Services,Publishing,2012-12-19,1.04,1.13,1.04,1.06,5900,1.06
ABCD,$220.4M,-1,Consumer Services,Publishing,2012-12-18,1.09,1.12,1,1.04,5100,1.04
ABCD,$220.4M,-1,Consumer Services,Publishing,2012-12-17,1.02,1.15,0.95,1.03,14000,1.03
ABCD,$220.4M,-1,Consumer Services,Publishing,2012-12-14,1.02,1.14,0.95,0.95,50200,0.95
ABCD,$220.4M,-1,Consumer Services,Publishing,2012-12-13,1.01,1.14,1.01,1.04,10400,1.04
ABCD,$220.4M,-1,Consumer Services,Publishing,2012-12-12,1.05,1.14,1.03,1.03,7000,1.03
ABCD,$220.4M,-1,Consumer Services,Publishing,2012-12-11,1,1.16,1,1.03,13200,1.03
ABCD,$220.4M,-1,Consumer Services,Publishing,2012-12-10,1.2,1.2,1,1.01,30600,1.01
ABCD,$220.4M,-1,Consumer Services,Publishing,2012-12-07,1.16,1.25,1.11,1.12,37200,1.12
ABCD,$220.4M,-1,Consumer Services,Publishing,2012-12-06,1.17,1.18,1.02,1.09,27200,1.09
ABCD,$220.4M,-1,Consumer Services,Publishing,2012-12-05,1.04,1.15,1.01,1.01,13000,1.01
ABCD,$220.4M,-1,Consumer Services,Publishing,2012-12-04,1.16,1.22,1,1.01,26400,1.01
ABCD,$220.4M,-1,Consumer Services,Publishing,2012-12-03,0.93,1.13,0.93,1.09,67500,1.09
ABCD,$220.4M,-1,Consumer Services,Publishing,2012-11-30,1,1.22,0.92,0.93,4100,0.93
ABCD,$220.4M,-1,Consumer Services,Publishing,2012-11-29,1.01,1.01,0.92,0.93,16900,0.93
ABCD,$220.4M,-1,Consumer Services,Publishing,2012-11-28,1,1.1,1,1.02,13000,1.02
ABCD,$220.4M,-1,Consumer Services,Publishing,2012-11-27,1,1.03,0.93,0.99,7500,0.99
ABCD,$220.4M,-1,Consumer Services,Publishing,2012-11-26,1,1.06,1,1.04,16600,1.04
